invoice_number,vendor_id,invoice_date,amount_myr,approver_role,po_number
INV1000,V041,2024-01-01,16795,Manager,PO1000
INV1001,V008,2024-01-02,1860,Supervisor,PO1001
INV1002,V002,2024-01-03,39158,Clerk,PO1002
INV1003,V048,2024-01-04,45732,Clerk,PO1003
INV1004,V018,2024-01-05,12284,Supervisor,PO1004
INV1005,V016,2024-01-06,7265,Clerk,PO1005
INV1006,V015,2024-01-07,17850,Supervisor,PO1006
INV1007,V009,2024-01-08,38194,Director,PO1007
INV1008,V048,2024-01-09,22962,Clerk,PO1008
INV1009,V007,2024-01-10,48191,Manager,
INV1010,V044,2024-01-11,45131,Clerk,
INV1011,V048,2024-01-12,17023,Director,PO1011
INV1012,V035,2024-01-13,42090,Manager,PO1012
INV1013,V006,2024-01-14,2685,Supervisor,PO1013
INV1014,V038,2024-01-15,1769,Supervisor,PO1014
INV1015,V028,2024-01-16,3433,Supervisor,PO1015
INV1016,V003,2024-01-17,6311,Manager,PO1016
INV1017,V002,2024-01-18,38819,Supervisor,PO1017
INV1018,V006,2024-01-19,40188,Director,PO1018
INV1019,V014,2024-01-20,18568,Manager,PO1019
INV1020,V015,2024-01-21,20769,Manager,PO1020
INV1021,V033,2024-01-22,29693,Director,PO1021
INV1022,V039,2024-01-23,7396,Manager,PO1022
INV1022,V039,2024-01-24,28480,Supervisor,PO1023
INV1024,V036,2024-01-25,42434,Clerk,PO1024
INV1025,V013,2024-01-26,26658,Manager,PO1025
INV1026,V046,2024-01-27,19942,Supervisor,PO1026
INV1027,V042,2024-01-28,19431,Clerk,PO1027
INV1028,V045,2024-01-29,3747,Clerk,PO1028
INV1029,V035,2024-01-30,1189,Clerk,PO1029
INV1030,V027,2024-01-31,20118,Clerk,PO1030
INV1030,V027,2024-02-01,36773,Manager,PO1031
INV1032,V029,2024-02-02,2899,Clerk,PO1032
INV1033,V038,2024-02-03,2267,Director,PO1033
INV1034,V018,2024-02-04,32551,Manager,PO1034
INV1035,V001,2024-02-05,12394,Supervisor,PO1035
INV1036,V049,2024-02-06,4556,Clerk,PO1036
INV1037,V011,2024-02-07,4890,Supervisor,PO1037
INV1038,V045,2024-02-08,42606,Manager,PO1038
INV1039,V028,2024-02-09,31740,Director,PO1039
INV1040,V022,2024-02-10,15502,Clerk,PO1040
INV1041,V018,2024-02-11,22777,Manager,PO1041
INV1042,V010,2024-02-12,11627,Manager,PO1042
INV1043,V014,2024-02-13,9792,Manager,PO1043
INV1044,V049,2024-02-14,44323,Clerk,PO1044
INV1045,V022,2024-02-15,44021,Clerk,
INV1045,V022,2024-02-16,9433,Supervisor,PO1046
INV1047,V006,2024-02-17,44001,Clerk,PO1047
INV1048,V025,2024-02-18,12016,Manager,PO1048
INV1049,V007,2024-02-19,24897,Supervisor,PO1049
INV1050,V023,2024-02-20,3612,Supervisor,PO1050
INV1051,V023,2024-02-21,24483,Manager,
INV1052,V039,2024-02-22,49555,Manager,PO1052
INV1053,V017,2024-02-23,18159,Manager,PO1053
INV1053,V017,2024-02-24,45974,Supervisor,PO1054
INV1055,V047,2024-02-25,41994,Supervisor,PO1055
INV1055,V047,2024-02-26,15541,Clerk,PO1056
INV1057,V035,2024-02-27,36920,Supervisor,PO1057
INV1058,V008,2024-02-28,27531,Supervisor,PO1058
INV1059,V025,2024-02-29,2585,Clerk,PO1059
INV1060,V006,2024-03-01,4943,Supervisor,PO1060
INV1061,V036,2024-03-02,24939,Manager,PO1061
INV1062,V019,2024-03-03,20457,Manager,PO1062
INV1063,V041,2024-03-04,2021,Manager,PO1063
INV1064,V040,2024-03-05,12653,Manager,PO1064
INV1065,V024,2024-03-06,44573,Clerk,PO1065
INV1066,V037,2024-03-07,14417,Director,PO1066
INV1067,V013,2024-03-08,41757,Manager,PO1067
INV1068,V046,2024-03-09,10692,Manager,PO1068
INV1069,V005,2024-03-10,46758,Clerk,PO1069
INV1070,V003,2024-03-11,7873,Director,PO1070
INV1071,V043,2024-03-12,6675,Clerk,PO1071
INV1072,V015,2024-03-13,1161,Clerk,PO1072
INV1073,V050,2024-03-14,38065,Manager,PO1073
INV1074,V019,2024-03-15,27557,Manager,PO1074
INV1075,V006,2024-03-16,34763,Director,PO1075
INV1076,V015,2024-03-17,33606,Director,PO1076
INV1077,V007,2024-03-18,12534,Manager,PO1077
INV1078,V025,2024-03-19,30127,Director,PO1078
INV1079,V018,2024-03-20,41397,Supervisor,PO1079
INV1080,V030,2024-03-21,26851,Supervisor,PO1080
INV1081,V041,2024-03-22,2016,Clerk,PO1081
INV1082,V024,2024-03-23,25253,Clerk,PO1082
INV1083,V011,2024-03-24,25276,Clerk,PO1083
INV1084,V024,2024-03-25,24247,Supervisor,PO1084
INV1085,V023,2024-03-26,25300,Manager,PO1085
INV1086,V014,2024-03-27,9529,Manager,PO1086
INV1087,V043,2024-03-28,18262,Clerk,PO1087
INV1088,V018,2024-03-29,10268,Supervisor,PO1088
INV1089,V045,2024-03-30,22271,Manager,PO1089
INV1090,V044,2024-03-31,13185,Supervisor,PO1090
INV1091,V042,2024-04-01,22243,Director,PO1091
INV1092,V005,2024-04-02,40099,Manager,PO1092
INV1093,V039,2024-04-03,9571,Supervisor,PO1093
INV1094,V041,2024-04-04,40976,Clerk,PO1094
INV1095,V011,2024-04-05,39044,Supervisor,PO1095
INV1095,V011,2024-04-06,49984,Manager,PO1096
INV1097,V047,2024-04-07,41774,Supervisor,PO1097
INV1098,V016,2024-04-08,3568,Supervisor,PO1098
INV1099,V011,2024-04-09,3027,Director,PO1099
INV1100,V030,2024-04-10,3695,Supervisor,PO1100
INV1101,V025,2024-04-11,49190,Clerk,PO1101
INV1102,V018,2024-04-12,6258,Supervisor,
INV1103,V041,2024-04-13,23002,Supervisor,
INV1104,V045,2024-04-14,40504,Clerk,PO1104
INV1105,V036,2024-04-15,34159,Manager,PO1105
INV1106,V015,2024-04-16,14986,Director,PO1106
INV1107,V044,2024-04-17,13666,Supervisor,PO1107
INV1108,V021,2024-04-18,39660,Supervisor,
INV1109,V050,2024-04-19,4561,Manager,PO1109
INV1110,V050,2024-04-20,27854,Supervisor,PO1110
INV1111,V004,2024-04-21,39952,Clerk,PO1111
INV1112,V015,2024-04-22,23662,Supervisor,PO1112
INV1113,V003,2024-04-23,9392,Manager,PO1113
INV1114,V021,2024-04-24,31535,Supervisor,PO1114
INV1115,V026,2024-04-25,14067,Director,PO1115
INV1116,V018,2024-04-26,49033,Manager,PO1116
INV1117,V005,2024-04-27,24599,Director,PO1117
INV1118,V014,2024-04-28,36222,Clerk,PO1118
INV1119,V037,2024-04-29,12837,Supervisor,PO1119
INV1120,V046,2024-04-30,15039,Supervisor,
INV1121,V021,2024-05-01,31818,Clerk,
INV1122,V014,2024-05-02,20115,Supervisor,PO1122
INV1122,V014,2024-05-03,11965,Supervisor,PO1123
INV1124,V032,2024-05-04,25538,Clerk,PO1124
INV1125,V026,2024-05-05,43530,Clerk,PO1125
INV1126,V042,2024-05-06,6056,Supervisor,PO1126
INV1127,V030,2024-05-07,33482,Supervisor,PO1127
INV1128,V010,2024-05-08,48716,Supervisor,PO1128
INV1129,V017,2024-05-09,9110,Supervisor,PO1129
INV1130,V009,2024-05-10,14773,Clerk,
INV1131,V016,2024-05-11,28266,Supervisor,PO1131
INV1131,V016,2024-05-12,18412,Manager,PO1132
INV1133,V036,2024-05-13,34270,Clerk,PO1133
INV1134,V035,2024-05-14,7910,Manager,PO1134
INV1135,V017,2024-05-15,46453,Clerk,PO1135
INV1136,V048,2024-05-16,26446,Clerk,PO1136
INV1137,V038,2024-05-17,1206,Clerk,
INV1138,V028,2024-05-18,22518,Supervisor,PO1138
INV1139,V038,2024-05-19,23361,Clerk,PO1139
INV1140,V026,2024-05-20,24419,Clerk,PO1140
INV1141,V024,2024-05-21,49702,Manager,PO1141
INV1142,V015,2024-05-22,42523,Clerk,PO1142
INV1143,V009,2024-05-23,46151,Manager,PO1143
INV1144,V033,2024-05-24,23403,Manager,PO1144
INV1145,V032,2024-05-25,19141,Supervisor,PO1145
INV1146,V006,2024-05-26,15820,Supervisor,
INV1147,V049,2024-05-27,41342,Supervisor,PO1147
INV1148,V004,2024-05-28,7374,Clerk,
INV1149,V008,2024-05-29,2678,Clerk,PO1149
INV1150,V010,2024-05-30,34827,Supervisor,PO1150
INV1151,V041,2024-05-31,17198,Clerk,PO1151
INV1152,V011,2024-06-01,10914,Clerk,PO1152
INV1153,V044,2024-06-02,28890,Manager,PO1153
INV1154,V028,2024-06-03,23299,Clerk,PO1154
INV1155,V039,2024-06-04,44585,Clerk,PO1155
INV1156,V005,2024-06-05,44689,Clerk,PO1156
INV1157,V025,2024-06-06,43557,Clerk,PO1157
INV1158,V025,2024-06-07,45020,Clerk,
INV1159,V039,2024-06-08,3693,Supervisor,PO1159
INV1160,V030,2024-06-09,30467,Supervisor,PO1160
INV1161,V034,2024-06-10,30723,Supervisor,PO1161
INV1162,V017,2024-06-11,47699,Supervisor,PO1162
INV1163,V036,2024-06-12,4627,Director,PO1163
INV1164,V001,2024-06-13,26939,Manager,PO1164
INV1165,V044,2024-06-14,49925,Manager,PO1165
INV1165,V044,2024-06-15,43941,Manager,
INV1167,V008,2024-06-16,22834,Supervisor,PO1167
INV1168,V044,2024-06-17,19047,Supervisor,PO1168
INV1169,V035,2024-06-18,27105,Manager,PO1169
INV1170,V049,2024-06-19,11230,Director,PO1170
INV1171,V018,2024-06-20,16707,Manager,PO1171
INV1172,V050,2024-06-21,22976,Director,PO1172
INV1172,V050,2024-06-22,45262,Clerk,PO1173
INV1174,V022,2024-06-23,24776,Manager,PO1174
INV1174,V022,2024-06-24,31080,Clerk,
INV1176,V019,2024-06-25,2306,Manager,PO1176
INV1177,V028,2024-06-26,7776,Manager,PO1177
INV1178,V011,2024-06-27,28251,Clerk,PO1178
INV1179,V030,2024-06-28,10474,Supervisor,
INV1180,V001,2024-06-29,41294,Clerk,PO1180
INV1181,V047,2024-06-30,22959,Clerk,
INV1182,V047,2024-07-01,6530,Supervisor,PO1182
INV1183,V017,2024-07-02,30320,Supervisor,PO1183
INV1184,V033,2024-07-03,4748,Manager,PO1184
INV1185,V049,2024-07-04,32968,Clerk,PO1185
INV1186,V012,2024-07-05,33562,Manager,PO1186
INV1187,V033,2024-07-06,14545,Manager,PO1187
INV1188,V007,2024-07-07,1663,Supervisor,PO1188
INV1189,V041,2024-07-08,35766,Manager,PO1189
INV1190,V020,2024-07-09,8994,Clerk,PO1190
INV1191,V041,2024-07-10,29021,Supervisor,PO1191
INV1192,V033,2024-07-11,31303,Manager,PO1192
INV1193,V039,2024-07-12,4304,Clerk,PO1193
INV1194,V013,2024-07-13,47576,Manager,PO1194
INV1195,V010,2024-07-14,40353,Director,PO1195
INV1196,V024,2024-07-15,18675,Clerk,PO1196
INV1196,V024,2024-07-16,45417,Supervisor,PO1197
INV1198,V011,2024-07-17,24938,Clerk,PO1198
INV1199,V035,2024-07-18,24664,Manager,PO1199
INV1200,V050,2024-07-19,2636,Supervisor,PO1200
INV1200,V050,2024-07-20,21080,Director,PO1201
INV1202,V001,2024-07-21,28728,Supervisor,PO1202
INV1203,V039,2024-07-22,27736,Supervisor,PO1203
INV1203,V039,2024-07-23,29673,Supervisor,PO1204
INV1205,V032,2024-07-24,38505,Manager,PO1205
INV1206,V002,2024-07-25,48323,Manager,
INV1207,V008,2024-07-26,47645,Supervisor,PO1207
INV1208,V024,2024-07-27,1854,Clerk,PO1208
INV1209,V020,2024-07-28,25548,Supervisor,PO1209
INV1210,V016,2024-07-29,39623,Director,PO1210
INV1211,V004,2024-07-30,8392,Clerk,
INV1211,V004,2024-07-31,47717,Manager,PO1212
INV1213,V037,2024-08-01,22556,Supervisor,PO1213
INV1214,V006,2024-08-02,39559,Manager,PO1214
INV1215,V006,2024-08-03,27309,Supervisor,PO1215
INV1216,V047,2024-08-04,22919,Clerk,PO1216
INV1216,V047,2024-08-05,5931,Supervisor,PO1217
INV1216,V047,2024-08-06,33970,Manager,
INV1219,V049,2024-08-07,45215,Supervisor,PO1219
INV1220,V035,2024-08-08,13688,Clerk,PO1220
INV1221,V050,2024-08-09,26342,Clerk,PO1221
INV1222,V009,2024-08-10,38157,Manager,PO1222
INV1223,V009,2024-08-11,3327,Supervisor,PO1223
INV1224,V043,2024-08-12,41772,Supervisor,PO1224
INV1225,V031,2024-08-13,41545,Manager,
INV1226,V036,2024-08-14,1197,Manager,PO1226
INV1227,V011,2024-08-15,24509,Manager,PO1227
INV1228,V017,2024-08-16,35698,Supervisor,PO1228
INV1229,V034,2024-08-17,45542,Supervisor,PO1229
INV1229,V034,2024-08-18,16087,Clerk,PO1230
INV1231,V028,2024-08-19,23671,Manager,PO1231
INV1232,V014,2024-08-20,26184,Clerk,PO1232
INV1232,V014,2024-08-21,28848,Clerk,PO1233
INV1234,V049,2024-08-22,43107,Clerk,
INV1235,V047,2024-08-23,21666,Director,
INV1236,V045,2024-08-24,45357,Manager,PO1236
INV1237,V013,2024-08-25,16708,Supervisor,PO1237
INV1238,V046,2024-08-26,27370,Clerk,PO1238
INV1238,V046,2024-08-27,3811,Clerk,PO1239
INV1240,V026,2024-08-28,48011,Supervisor,PO1240
INV1241,V043,2024-08-29,7546,Supervisor,PO1241
INV1242,V042,2024-08-30,35754,Director,PO1242
INV1243,V024,2024-08-31,31206,Manager,PO1243
INV1244,V029,2024-09-01,42106,Manager,PO1244
INV1245,V034,2024-09-02,12411,Supervisor,PO1245
INV1246,V029,2024-09-03,3911,Clerk,PO1246
INV1247,V008,2024-09-04,2734,Manager,PO1247
INV1248,V016,2024-09-05,19227,Manager,PO1248
INV1249,V015,2024-09-06,9680,Manager,PO1249
INV1250,V005,2024-09-07,20360,Supervisor,PO1250
INV1251,V022,2024-09-08,19343,Manager,PO1251
INV1252,V002,2024-09-09,6759,Clerk,PO1252
INV1252,V002,2024-09-10,24078,Manager,PO1253
INV1254,V036,2024-09-11,36153,Clerk,PO1254
INV1254,V036,2024-09-12,12111,Manager,PO1255
INV1256,V038,2024-09-13,38504,Clerk,PO1256
INV1257,V015,2024-09-14,2802,Manager,PO1257
INV1258,V001,2024-09-15,9155,Supervisor,PO1258
INV1259,V005,2024-09-16,9120,Manager,PO1259
INV1260,V046,2024-09-17,40384,Clerk,PO1260
INV1261,V041,2024-09-18,48025,Supervisor,PO1261
INV1262,V004,2024-09-19,48254,Supervisor,PO1262
INV1262,V004,2024-09-20,22918,Clerk,PO1263
INV1264,V005,2024-09-21,21445,Clerk,PO1264
INV1265,V003,2024-09-22,31306,Clerk,PO1265
INV1266,V022,2024-09-23,17646,Supervisor,PO1266
INV1267,V005,2024-09-24,47843,Director,
INV1268,V033,2024-09-25,32065,Supervisor,PO1268
INV1269,V016,2024-09-26,26199,Clerk,PO1269
INV1270,V018,2024-09-27,42976,Supervisor,PO1270
INV1271,V043,2024-09-28,17371,Clerk,PO1271
INV1272,V032,2024-09-29,12835,Manager,
INV1273,V014,2024-09-30,46936,Clerk,PO1273
INV1274,V035,2024-10-01,3049,Director,PO1274
INV1275,V009,2024-10-02,32616,Manager,PO1275
INV1276,V047,2024-10-03,39191,Supervisor,PO1276
INV1277,V037,2024-10-04,48357,Manager,PO1277
INV1278,V037,2024-10-05,21932,Clerk,PO1278
INV1279,V031,2024-10-06,30855,Manager,PO1279
INV1280,V016,2024-10-07,8158,Clerk,PO1280
INV1281,V031,2024-10-08,44016,Supervisor,PO1281
INV1282,V027,2024-10-09,8400,Clerk,PO1282
INV1283,V013,2024-10-10,43642,Supervisor,PO1283
INV1284,V007,2024-10-11,16151,Supervisor,PO1284
INV1285,V007,2024-10-12,2154,Director,
INV1286,V043,2024-10-13,5499,Manager,PO1286
INV1287,V028,2024-10-14,7295,Clerk,PO1287
INV1288,V023,2024-10-15,13183,Manager,PO1288
INV1289,V028,2024-10-16,30299,Director,PO1289
INV1290,V027,2024-10-17,13874,Director,PO1290
INV1291,V030,2024-10-18,33711,Clerk,
INV1292,V047,2024-10-19,6539,Supervisor,PO1292
INV1293,V004,2024-10-20,43405,Clerk,PO1293
INV1294,V044,2024-10-21,49354,Supervisor,PO1294
INV1295,V042,2024-10-22,3557,Manager,PO1295
INV1296,V042,2024-10-23,39360,Supervisor,PO1296
INV1297,V007,2024-10-24,17482,Manager,PO1297
INV1298,V004,2024-10-25,3200,Supervisor,
INV1299,V026,2024-10-26,47940,Supervisor,PO1299
INV1300,V047,2024-10-27,3961,Supervisor,PO1300
INV1301,V022,2024-10-28,47975,Manager,PO1301
INV1302,V007,2024-10-29,22357,Clerk,PO1302
INV1303,V016,2024-10-30,12969,Manager,PO1303
INV1304,V013,2024-10-31,3869,Clerk,PO1304
INV1305,V013,2024-11-01,47760,Manager,PO1305
INV1306,V035,2024-11-02,29643,Director,PO1306
INV1307,V029,2024-11-03,25736,Clerk,PO1307
INV1308,V009,2024-11-04,39467,Clerk,PO1308
INV1309,V028,2024-11-05,24328,Clerk,PO1309
INV1310,V012,2024-11-06,26876,Clerk,PO1310
INV1311,V018,2024-11-07,22295,Supervisor,
INV1312,V030,2024-11-08,4987,Clerk,PO1312
INV1313,V016,2024-11-09,23399,Director,PO1313
INV1314,V005,2024-11-10,47214,Clerk,PO1314
INV1315,V029,2024-11-11,34986,Director,PO1315
INV1316,V036,2024-11-12,21880,Supervisor,PO1316
INV1317,V007,2024-11-13,5735,Manager,PO1317
INV1318,V004,2024-11-14,45064,Director,PO1318
INV1319,V042,2024-11-15,5555,Manager,PO1319
INV1320,V035,2024-11-16,42914,Supervisor,PO1320
INV1321,V001,2024-11-17,41818,Clerk,PO1321
INV1322,V006,2024-11-18,46525,Supervisor,PO1322
INV1323,V049,2024-11-19,20830,Supervisor,PO1323
INV1324,V016,2024-11-20,18429,Supervisor,PO1324
INV1325,V011,2024-11-21,7893,Supervisor,PO1325
INV1326,V027,2024-11-22,15373,Clerk,PO1326
INV1327,V032,2024-11-23,48333,Manager,PO1327
INV1328,V031,2024-11-24,4436,Clerk,PO1328
INV1329,V014,2024-11-25,9754,Manager,PO1329
INV1330,V026,2024-11-26,11677,Supervisor,PO1330
INV1331,V004,2024-11-27,6895,Clerk,PO1331
INV1332,V011,2024-11-28,20738,Director,PO1332
INV1333,V025,2024-11-29,31746,Supervisor,PO1333
INV1334,V001,2024-11-30,49404,Supervisor,PO1334
INV1335,V025,2024-12-01,33352,Manager,PO1335
INV1336,V017,2024-12-02,40790,Supervisor,PO1336
INV1337,V030,2024-12-03,42919,Director,
INV1338,V019,2024-12-04,6600,Clerk,
INV1339,V028,2024-12-05,30124,Supervisor,PO1339
INV1340,V045,2024-12-06,28643,Supervisor,PO1340
INV1341,V047,2024-12-07,41764,Manager,PO1341
INV1342,V036,2024-12-08,10007,Clerk,PO1342
INV1343,V043,2024-12-09,46714,Clerk,PO1343
INV1344,V046,2024-12-10,38410,Manager,PO1344
INV1344,V046,2024-12-11,45080,Clerk,PO1345
INV1346,V010,2024-12-12,41447,Manager,PO1346
INV1347,V013,2024-12-13,9208,Manager,PO1347
INV1348,V019,2024-12-14,19589,Manager,PO1348
INV1349,V014,2024-12-15,44484,Director,PO1349
INV1350,V004,2024-12-16,18453,Clerk,PO1350
INV1350,V004,2024-12-17,37212,Director,PO1351
INV1352,V048,2024-12-18,44525,Clerk,PO1352
INV1353,V035,2024-12-19,48202,Clerk,
INV1354,V004,2024-12-20,33635,Clerk,
INV1355,V048,2024-12-21,34828,Clerk,PO1355
INV1356,V021,2024-12-22,19711,Manager,PO1356
INV1357,V004,2024-12-23,4420,Supervisor,PO1357
INV1358,V004,2024-12-24,32216,Manager,PO1358
INV1359,V038,2024-12-25,1301,Supervisor,PO1359
INV1360,V031,2024-12-26,46236,Supervisor,PO1360
INV1361,V033,2024-12-27,1699,Manager,PO1361
INV1362,V034,2024-12-28,1190,Manager,PO1362
INV1363,V011,2024-12-29,11492,Supervisor,PO1363
INV1364,V004,2024-12-30,36743,Clerk,PO1364
INV1365,V033,2024-12-31,7102,Manager,PO1365
INV1366,V006,2025-01-01,20778,Director,PO1366
INV1367,V012,2025-01-02,27641,Manager,PO1367
INV1368,V005,2025-01-03,35584,Supervisor,PO1368
INV1369,V039,2025-01-04,33745,Director,PO1369
INV1370,V005,2025-01-05,24093,Manager,PO1370
INV1371,V044,2025-01-06,1569,Manager,
INV1371,V044,2025-01-07,39210,Manager,PO1372
INV1373,V026,2025-01-08,35663,Clerk,PO1373
INV1374,V008,2025-01-09,37631,Manager,PO1374
INV1375,V037,2025-01-10,46681,Supervisor,PO1375
INV1376,V016,2025-01-11,8455,Manager,PO1376
INV1377,V038,2025-01-12,5014,Clerk,PO1377
INV1378,V039,2025-01-13,12093,Director,PO1378
INV1379,V003,2025-01-14,19070,Supervisor,PO1379
INV1380,V040,2025-01-15,36777,Supervisor,PO1380
INV1380,V040,2025-01-16,17538,Clerk,PO1381
INV1382,V027,2025-01-17,11729,Supervisor,PO1382
INV1383,V043,2025-01-18,35177,Clerk,PO1383
INV1384,V038,2025-01-19,46017,Clerk,PO1384
INV1385,V037,2025-01-20,1784,Manager,PO1385
INV1386,V034,2025-01-21,28751,Supervisor,
INV1387,V021,2025-01-22,41864,Clerk,PO1387
INV1387,V021,2025-01-23,41328,Manager,PO1388
INV1389,V014,2025-01-24,13533,Clerk,PO1389
INV1390,V043,2025-01-25,41111,Clerk,PO1390
INV1391,V046,2025-01-26,40974,Supervisor,PO1391
INV1392,V021,2025-01-27,6801,Supervisor,
INV1392,V021,2025-01-28,20190,Supervisor,PO1393
INV1394,V017,2025-01-29,39754,Manager,PO1394
INV1395,V026,2025-01-30,30592,Clerk,PO1395
INV1395,V026,2025-01-31,11647,Clerk,PO1396
INV1397,V043,2025-02-01,9716,Manager,PO1397
INV1398,V042,2025-02-02,24355,Manager,PO1398
INV1399,V020,2025-02-03,23009,Supervisor,PO1399
INV1400,V030,2025-02-04,25376,Manager,PO1400
INV1401,V021,2025-02-05,46091,Clerk,PO1401
INV1401,V021,2025-02-06,5780,Manager,PO1402
INV1403,V005,2025-02-07,3368,Manager,PO1403
INV1404,V001,2025-02-08,13039,Manager,PO1404
INV1405,V030,2025-02-09,7655,Director,PO1405
INV1406,V040,2025-02-10,41941,Supervisor,PO1406
INV1407,V037,2025-02-11,5495,Director,PO1407
INV1408,V007,2025-02-12,11893,Clerk,
INV1409,V005,2025-02-13,26547,Manager,PO1409
INV1410,V035,2025-02-14,23386,Clerk,PO1410
INV1411,V014,2025-02-15,14403,Clerk,PO1411
INV1412,V033,2025-02-16,33097,Supervisor,PO1412
INV1413,V017,2025-02-17,14121,Manager,PO1413
INV1414,V009,2025-02-18,11966,Clerk,PO1414
INV1415,V023,2025-02-19,34621,Manager,PO1415
INV1416,V005,2025-02-20,29312,Clerk,PO1416
INV1417,V016,2025-02-21,23677,Supervisor,PO1417
INV1418,V024,2025-02-22,32289,Clerk,PO1418
INV1419,V019,2025-02-23,32024,Clerk,PO1419
INV1420,V011,2025-02-24,43675,Clerk,PO1420
INV1421,V029,2025-02-25,5777,Clerk,PO1421
INV1422,V035,2025-02-26,30749,Supervisor,PO1422
INV1423,V046,2025-02-27,16338,Supervisor,PO1423
INV1424,V020,2025-02-28,3491,Director,
INV1425,V040,2025-03-01,28236,Supervisor,PO1425
INV1426,V042,2025-03-02,49096,Clerk,PO1426
INV1427,V034,2025-03-03,15599,Supervisor,PO1427
INV1428,V001,2025-03-04,20508,Clerk,PO1428
INV1429,V043,2025-03-05,4051,Manager,PO1429
INV1430,V036,2025-03-06,49747,Supervisor,PO1430
INV1431,V020,2025-03-07,22606,Manager,PO1431
INV1432,V043,2025-03-08,22699,Director,PO1432
INV1433,V007,2025-03-09,1876,Clerk,PO1433
INV1434,V009,2025-03-10,33093,Supervisor,PO1434
INV1435,V017,2025-03-11,5142,Supervisor,PO1435
INV1436,V008,2025-03-12,16202,Supervisor,PO1436
INV1437,V007,2025-03-13,40734,Supervisor,PO1437
INV1438,V048,2025-03-14,8079,Supervisor,PO1438
INV1439,V036,2025-03-15,8987,Manager,PO1439
INV1440,V010,2025-03-16,40567,Clerk,PO1440
INV1441,V018,2025-03-17,29940,Manager,PO1441
INV1442,V019,2025-03-18,38233,Supervisor,PO1442
INV1443,V039,2025-03-19,18019,Clerk,PO1443
INV1444,V014,2025-03-20,47185,Supervisor,PO1444
INV1445,V046,2025-03-21,19077,Manager,PO1445
INV1446,V022,2025-03-22,27258,Manager,PO1446
INV1447,V014,2025-03-23,22136,Supervisor,PO1447
INV1448,V044,2025-03-24,9311,Manager,PO1448
INV1449,V041,2025-03-25,18214,Manager,PO1449
INV1450,V017,2025-03-26,15098,Manager,
INV1451,V033,2025-03-27,29251,Director,PO1451
INV1452,V032,2025-03-28,38945,Supervisor,PO1452
INV1453,V017,2025-03-29,48030,Clerk,PO1453
INV1454,V004,2025-03-30,26945,Manager,PO1454
INV1455,V006,2025-03-31,26316,Clerk,PO1455
INV1456,V041,2025-04-01,33217,Supervisor,PO1456
INV1457,V028,2025-04-02,9308,Supervisor,PO1457
INV1458,V018,2025-04-03,6949,Manager,PO1458
INV1459,V003,2025-04-04,2150,Manager,PO1459
INV1460,V001,2025-04-05,24944,Manager,PO1460
INV1461,V022,2025-04-06,35699,Supervisor,PO1461
INV1462,V050,2025-04-07,10204,Supervisor,PO1462
INV1463,V009,2025-04-08,2081,Manager,PO1463
INV1464,V041,2025-04-09,30305,Manager,
INV1465,V017,2025-04-10,17896,Manager,PO1465
INV1466,V011,2025-04-11,47175,Director,PO1466
INV1467,V048,2025-04-12,8805,Manager,
INV1468,V029,2025-04-13,6237,Supervisor,PO1468
INV1469,V036,2025-04-14,21056,Supervisor,PO1469
INV1470,V046,2025-04-15,46543,Clerk,PO1470
INV1471,V028,2025-04-16,46952,Manager,PO1471
INV1472,V036,2025-04-17,4343,Manager,PO1472
INV1473,V001,2025-04-18,14500,Supervisor,PO1473
INV1474,V008,2025-04-19,30375,Supervisor,PO1474
INV1475,V005,2025-04-20,10662,Supervisor,PO1475
INV1476,V045,2025-04-21,17964,Clerk,
INV1477,V010,2025-04-22,48893,Manager,PO1477
INV1478,V035,2025-04-23,9130,Director,PO1478
INV1479,V003,2025-04-24,20531,Supervisor,PO1479
INV1480,V024,2025-04-25,2679,Manager,PO1480
INV1481,V038,2025-04-26,4506,Director,PO1481
INV1482,V036,2025-04-27,14284,Supervisor,PO1482
INV1483,V010,2025-04-28,8253,Clerk,PO1483
INV1484,V028,2025-04-29,20128,Supervisor,PO1484
INV1485,V009,2025-04-30,28932,Supervisor,PO1485
INV1486,V003,2025-05-01,10435,Supervisor,PO1486
INV1487,V020,2025-05-02,45078,Manager,PO1487
INV1488,V024,2025-05-03,14296,Clerk,PO1488
INV1489,V003,2025-05-04,31445,Director,PO1489
INV1490,V023,2025-05-05,14245,Manager,PO1490
INV1491,V014,2025-05-06,30124,Clerk,PO1491
INV1492,V044,2025-05-07,30899,Clerk,PO1492
INV1493,V016,2025-05-08,44919,Clerk,PO1493
INV1494,V043,2025-05-09,44225,Supervisor,PO1494
INV1495,V007,2025-05-10,36247,Director,PO1495
INV1496,V023,2025-05-11,30222,Manager,PO1496
INV1497,V050,2025-05-12,27211,Manager,PO1497
INV1498,V036,2025-05-13,38220,Manager,PO1498
INV1499,V027,2025-05-14,27646,Supervisor,PO1499
INV1500,V040,2025-05-15,39649,Supervisor,PO1500
INV1501,V048,2025-05-16,24049,Manager,PO1501
INV1502,V010,2025-05-17,15069,Supervisor,PO1502
INV1502,V010,2025-05-18,33580,Supervisor,PO1503
INV1504,V011,2025-05-19,32843,Supervisor,PO1504
INV1505,V012,2025-05-20,3849,Director,PO1505
INV1506,V027,2025-05-21,41158,Manager,PO1506
INV1507,V002,2025-05-22,24289,Supervisor,PO1507
INV1508,V012,2025-05-23,45690,Clerk,PO1508
INV1509,V048,2025-05-24,36257,Supervisor,PO1509
INV1510,V022,2025-05-25,10823,Supervisor,PO1510
INV1511,V027,2025-05-26,42975,Supervisor,PO1511
INV1512,V043,2025-05-27,10540,Supervisor,PO1512
INV1513,V048,2025-05-28,17364,Manager,PO1513
INV1514,V016,2025-05-29,5611,Clerk,PO1514
INV1515,V018,2025-05-30,28663,Director,PO1515
INV1516,V011,2025-05-31,39646,Director,PO1516
INV1517,V045,2025-06-01,31977,Manager,PO1517
INV1518,V007,2025-06-02,30168,Manager,PO1518
INV1519,V025,2025-06-03,26471,Manager,PO1519
INV1519,V025,2025-06-04,23687,Supervisor,PO1520
INV1521,V031,2025-06-05,1851,Supervisor,PO1521
INV1522,V015,2025-06-06,19071,Manager,PO1522
INV1523,V013,2025-06-07,7833,Clerk,PO1523
INV1524,V030,2025-06-08,12938,Supervisor,PO1524
INV1525,V023,2025-06-09,36195,Supervisor,PO1525
INV1526,V020,2025-06-10,27144,Clerk,PO1526
INV1527,V015,2025-06-11,5000,Clerk,PO1527
INV1528,V015,2025-06-12,6052,Clerk,PO1528
INV1529,V002,2025-06-13,36506,Manager,PO1529
INV1530,V043,2025-06-14,29074,Clerk,PO1530
INV1531,V013,2025-06-15,39155,Supervisor,
INV1532,V026,2025-06-16,41770,Supervisor,PO1532
INV1533,V022,2025-06-17,33320,Supervisor,PO1533
INV1534,V018,2025-06-18,39304,Supervisor,PO1534
INV1534,V018,2025-06-19,47247,Manager,PO1535
INV1536,V050,2025-06-20,4913,Clerk,
INV1537,V018,2025-06-21,18450,Manager,PO1537
INV1538,V023,2025-06-22,25107,Manager,PO1538
INV1539,V042,2025-06-23,21764,Supervisor,PO1539
INV1540,V033,2025-06-24,44404,Director,PO1540
INV1541,V026,2025-06-25,21491,Manager,PO1541
INV1542,V044,2025-06-26,39494,Clerk,PO1542
INV1543,V035,2025-06-27,4373,Supervisor,PO1543
INV1544,V022,2025-06-28,13161,Manager,PO1544
INV1545,V002,2025-06-29,32996,Clerk,PO1545
INV1546,V008,2025-06-30,28122,Supervisor,PO1546
INV1547,V017,2025-07-01,35850,Supervisor,PO1547
INV1548,V012,2025-07-02,28350,Manager,
INV1549,V038,2025-07-03,28472,Clerk,PO1549
INV1550,V017,2025-07-04,29761,Supervisor,PO1550
INV1551,V003,2025-07-05,26351,Clerk,PO1551
INV1552,V007,2025-07-06,24132,Manager,PO1552
INV1553,V039,2025-07-07,16305,Supervisor,PO1553
INV1554,V028,2025-07-08,10817,Manager,PO1554
INV1555,V023,2025-07-09,12261,Supervisor,PO1555
INV1556,V047,2025-07-10,1417,Manager,PO1556
INV1557,V021,2025-07-11,42576,Director,PO1557
INV1558,V028,2025-07-12,21358,Clerk,PO1558
INV1559,V039,2025-07-13,4267,Clerk,PO1559
INV1559,V039,2025-07-14,18209,Manager,PO1560
INV1560,V033,2025-07-15,25052,Clerk,PO1561
INV1562,V025,2025-07-16,39513,Supervisor,PO1562
INV1563,V037,2025-07-17,27092,Director,PO1563
INV1564,V013,2025-07-18,12338,Clerk,PO1564
INV1565,V017,2025-07-19,1412,Clerk,
INV1566,V003,2025-07-20,8543,Supervisor,PO1566
INV1567,V046,2025-07-21,41355,Supervisor,PO1567
INV1568,V028,2025-07-22,34496,Clerk,PO1568
INV1569,V001,2025-07-23,24548,Clerk,PO1569
INV1570,V034,2025-07-24,28384,Clerk,PO1570
INV1571,V035,2025-07-25,45425,Supervisor,PO1571
INV1572,V044,2025-07-26,39756,Manager,PO1572
INV1573,V047,2025-07-27,19888,Supervisor,PO1573
INV1574,V048,2025-07-28,36735,Clerk,PO1574
INV1575,V048,2025-07-29,48295,Supervisor,PO1575
INV1576,V043,2025-07-30,49816,Manager,PO1576
INV1577,V013,2025-07-31,18506,Clerk,PO1577
INV1577,V013,2025-08-01,21463,Clerk,PO1578
INV1579,V028,2025-08-02,18955,Supervisor,PO1579
INV1580,V005,2025-08-03,38841,Manager,PO1580
INV1581,V043,2025-08-04,6104,Clerk,PO1581
INV1582,V022,2025-08-05,35911,Clerk,PO1582
INV1583,V040,2025-08-06,24190,Clerk,PO1583
INV1584,V021,2025-08-07,8357,Supervisor,PO1584
INV1585,V043,2025-08-08,33479,Supervisor,PO1585
INV1586,V008,2025-08-09,45811,Supervisor,PO1586
INV1587,V047,2025-08-10,37208,Manager,PO1587
INV1588,V020,2025-08-11,21150,Supervisor,PO1588
INV1589,V033,2025-08-12,6644,Clerk,PO1589
INV1590,V020,2025-08-13,44286,Manager,PO1590
INV1591,V043,2025-08-14,48320,Manager,
INV1592,V027,2025-08-15,3914,Clerk,PO1592
INV1592,V027,2025-08-16,22352,Supervisor,PO1593
INV1594,V026,2025-08-17,47352,Supervisor,PO1594
INV1595,V045,2025-08-18,45912,Supervisor,PO1595
INV1596,V019,2025-08-19,15397,Clerk,PO1596
INV1597,V036,2025-08-20,42555,Clerk,PO1597
INV1598,V009,2025-08-21,47959,Manager,PO1598
INV1599,V013,2025-08-22,1728,Clerk,PO1599
INV1600,V027,2025-08-23,1698,Clerk,PO1600
INV1601,V043,2025-08-24,40954,Manager,PO1601
INV1602,V025,2025-08-25,48280,Manager,PO1602
INV1603,V044,2025-08-26,14923,Clerk,
INV1604,V048,2025-08-27,17779,Supervisor,PO1604
INV1605,V012,2025-08-28,8400,Director,PO1605
INV1606,V040,2025-08-29,25466,Director,
INV1607,V037,2025-08-30,37939,Supervisor,PO1607
INV1608,V020,2025-08-31,5360,Clerk,PO1608
INV1609,V026,2025-09-01,36270,Supervisor,PO1609
INV1610,V036,2025-09-02,18101,Supervisor,PO1610
INV1611,V001,2025-09-03,33307,Manager,PO1611
INV1612,V020,2025-09-04,6486,Clerk,PO1612
INV1613,V019,2025-09-05,9335,Supervisor,PO1613
INV1614,V014,2025-09-06,22364,Clerk,PO1614
INV1615,V028,2025-09-07,38259,Clerk,PO1615
INV1616,V038,2025-09-08,24576,Clerk,PO1616
INV1617,V039,2025-09-09,32667,Manager,PO1617
INV1618,V042,2025-09-10,12130,Clerk,PO1618
INV1619,V021,2025-09-11,22972,Clerk,PO1619
INV1620,V030,2025-09-12,41419,Manager,PO1620
INV1621,V029,2025-09-13,2167,Manager,PO1621
INV1621,V029,2025-09-14,28192,Supervisor,PO1622
INV1623,V044,2025-09-15,2062,Manager,PO1623
INV1624,V014,2025-09-16,19540,Clerk,PO1624
INV1625,V033,2025-09-17,25244,Manager,PO1625
INV1626,V031,2025-09-18,22545,Director,PO1626
INV1627,V048,2025-09-19,22689,Manager,PO1627
INV1628,V011,2025-09-20,12174,Clerk,PO1628
INV1629,V043,2025-09-21,23925,Supervisor,PO1629
INV1630,V006,2025-09-22,38497,Supervisor,PO1630
INV1631,V019,2025-09-23,10348,Manager,PO1631
INV1632,V033,2025-09-24,24714,Supervisor,
INV1633,V043,2025-09-25,39102,Clerk,PO1633
INV1633,V043,2025-09-26,9924,Clerk,PO1634
INV1635,V040,2025-09-27,38098,Manager,
INV1636,V022,2025-09-28,25394,Manager,PO1636
INV1637,V006,2025-09-29,7801,Supervisor,
INV1638,V049,2025-09-30,38614,Clerk,PO1638
INV1639,V016,2025-10-01,7731,Clerk,PO1639
INV1640,V044,2025-10-02,49136,Supervisor,PO1640
INV1641,V020,2025-10-03,24625,Supervisor,PO1641
INV1642,V015,2025-10-04,18337,Manager,PO1642
INV1643,V013,2025-10-05,36307,Supervisor,PO1643
INV1644,V010,2025-10-06,8056,Manager,PO1644
INV1645,V002,2025-10-07,12516,Supervisor,PO1645
INV1646,V003,2025-10-08,45261,Supervisor,PO1646
INV1647,V016,2025-10-09,2542,Director,
INV1648,V031,2025-10-10,22677,Manager,PO1648
INV1649,V040,2025-10-11,47732,Manager,PO1649
INV1650,V050,2025-10-12,40081,Manager,PO1650
INV1651,V005,2025-10-13,28569,Manager,PO1651
INV1652,V030,2025-10-14,24322,Manager,PO1652
INV1653,V027,2025-10-15,20065,Director,
INV1654,V041,2025-10-16,18924,Manager,PO1654
INV1655,V037,2025-10-17,23556,Manager,PO1655
INV1656,V013,2025-10-18,27962,Supervisor,PO1656
INV1657,V046,2025-10-19,29295,Clerk,PO1657
INV1658,V045,2025-10-20,14807,Supervisor,PO1658
INV1659,V025,2025-10-21,43348,Manager,PO1659
INV1660,V032,2025-10-22,27432,Clerk,PO1660
INV1661,V026,2025-10-23,18749,Manager,
INV1662,V016,2025-10-24,42459,Manager,PO1662
INV1663,V010,2025-10-25,27256,Director,
INV1664,V042,2025-10-26,41262,Manager,PO1664
INV1665,V045,2025-10-27,38080,Clerk,PO1665
INV1665,V045,2025-10-28,2324,Clerk,
INV1667,V049,2025-10-29,26731,Clerk,PO1667
INV1668,V050,2025-10-30,36909,Supervisor,
INV1669,V007,2025-10-31,24803,Manager,PO1669
INV1670,V050,2025-11-01,20870,Supervisor,PO1670
INV1670,V050,2025-11-02,35578,Director,PO1671
INV1672,V015,2025-11-03,7588,Clerk,PO1672
INV1673,V012,2025-11-04,39069,Director,PO1673
INV1674,V045,2025-11-05,27790,Manager,PO1674
INV1675,V034,2025-11-06,26289,Clerk,PO1675
INV1676,V030,2025-11-07,29178,Manager,PO1676
INV1677,V004,2025-11-08,29710,Supervisor,PO1677
INV1678,V036,2025-11-09,16485,Director,PO1678
INV1679,V016,2025-11-10,45482,Manager,PO1679
INV1680,V008,2025-11-11,21652,Supervisor,PO1680
INV1680,V008,2025-11-12,5748,Manager,PO1681
INV1682,V009,2025-11-13,22233,Clerk,PO1682
INV1683,V030,2025-11-14,10435,Clerk,PO1683
INV1684,V043,2025-11-15,4709,Director,PO1684
INV1684,V043,2025-11-16,31355,Supervisor,PO1685
INV1686,V036,2025-11-17,14116,Clerk,PO1686
INV1687,V039,2025-11-18,26470,Manager,PO1687
INV1688,V021,2025-11-19,43344,Manager,PO1688
INV1689,V049,2025-11-20,43918,Manager,PO1689
INV1690,V029,2025-11-21,40298,Manager,
INV1691,V040,2025-11-22,43956,Supervisor,
INV1692,V047,2025-11-23,15683,Clerk,PO1692
INV1693,V033,2025-11-24,1504,Clerk,PO1693
INV1694,V028,2025-11-25,34982,Manager,PO1694
INV1695,V036,2025-11-26,35299,Supervisor,PO1695
INV1696,V029,2025-11-27,29016,Supervisor,PO1696
INV1697,V011,2025-11-28,24960,Manager,PO1697
INV1698,V048,2025-11-29,34591,Supervisor,PO1698
INV1699,V031,2025-11-30,18312,Clerk,PO1699
INV1700,V029,2025-12-01,38797,Manager,PO1700
INV1701,V017,2025-12-02,47196,Clerk,PO1701
INV1702,V049,2025-12-03,3105,Clerk,PO1702
INV1703,V016,2025-12-04,37395,Manager,PO1703
INV1704,V041,2025-12-05,46740,Director,PO1704
INV1705,V018,2025-12-06,23700,Supervisor,PO1705
INV1706,V050,2025-12-07,35620,Supervisor,PO1706
INV1706,V050,2025-12-08,38678,Clerk,
INV1708,V034,2025-12-09,21559,Clerk,PO1708
INV1709,V032,2025-12-10,28509,Supervisor,PO1709
INV1710,V041,2025-12-11,28860,Clerk,
INV1711,V016,2025-12-12,12003,Manager,PO1711
INV1712,V018,2025-12-13,22732,Clerk,PO1712
INV1713,V029,2025-12-14,26826,Supervisor,
INV1713,V029,2025-12-15,31354,Clerk,PO1714
INV1715,V046,2025-12-16,14843,Manager,PO1715
INV1716,V019,2025-12-17,45472,Supervisor,PO1716
INV1717,V016,2025-12-18,49529,Manager,PO1717
INV1718,V018,2025-12-19,7190,Manager,PO1718
INV1719,V022,2025-12-20,18640,Manager,
INV1720,V021,2025-12-21,39413,Clerk,PO1720
INV1721,V035,2025-12-22,43356,Supervisor,PO1721
INV1722,V006,2025-12-23,45597,Clerk,PO1722
INV1723,V009,2025-12-24,41821,Manager,PO1723
INV1724,V010,2025-12-25,4330,Supervisor,PO1724
INV1725,V015,2025-12-26,20087,Supervisor,PO1725
INV1726,V025,2025-12-27,42430,Supervisor,PO1726
INV1727,V045,2025-12-28,25504,Manager,PO1727
INV1728,V010,2025-12-29,8114,Clerk,PO1728
INV1729,V046,2025-12-30,14323,Director,PO1729
INV1730,V014,2025-12-31,35121,Supervisor,PO1730
INV1731,V005,2026-01-01,11975,Manager,PO1731
INV1732,V027,2026-01-02,12023,Manager,PO1732
INV1733,V027,2026-01-03,22447,Clerk,
INV1734,V022,2026-01-04,25933,Director,PO1734
INV1735,V035,2026-01-05,24959,Clerk,PO1735
INV1736,V030,2026-01-06,1667,Clerk,PO1736
INV1737,V027,2026-01-07,30703,Manager,PO1737
INV1738,V004,2026-01-08,10337,Supervisor,PO1738
INV1739,V014,2026-01-09,47427,Supervisor,PO1739
INV1740,V027,2026-01-10,37487,Clerk,PO1740
INV1741,V025,2026-01-11,20129,Supervisor,PO1741
INV1742,V050,2026-01-12,41251,Director,PO1742
INV1743,V038,2026-01-13,32921,Manager,PO1743
INV1744,V045,2026-01-14,34307,Clerk,PO1744
INV1745,V002,2026-01-15,28355,Manager,PO1745
INV1746,V049,2026-01-16,38732,Supervisor,PO1746
INV1746,V049,2026-01-17,5835,Clerk,PO1747
INV1748,V025,2026-01-18,21159,Supervisor,PO1748
INV1749,V031,2026-01-19,39810,Supervisor,PO1749
INV1750,V001,2026-01-20,48605,Clerk,PO1750
INV1751,V023,2026-01-21,41080,Director,PO1751
INV1752,V020,2026-01-22,39088,Clerk,PO1752
INV1753,V049,2026-01-23,14216,Manager,PO1753
INV1754,V025,2026-01-24,36547,Supervisor,PO1754
INV1755,V027,2026-01-25,32471,Supervisor,PO1755
INV1756,V035,2026-01-26,18308,Clerk,PO1756
INV1757,V048,2026-01-27,28532,Supervisor,PO1757
INV1758,V048,2026-01-28,35349,Director,PO1758
INV1759,V035,2026-01-29,46445,Manager,PO1759
INV1760,V039,2026-01-30,6713,Director,PO1760
INV1761,V015,2026-01-31,5804,Manager,PO1761
INV1762,V032,2026-02-01,11136,Manager,PO1762
INV1763,V015,2026-02-02,1009,Manager,PO1763
INV1764,V018,2026-02-03,20255,Supervisor,
INV1765,V028,2026-02-04,24793,Supervisor,PO1765
INV1766,V032,2026-02-05,30548,Manager,PO1766
INV1767,V002,2026-02-06,38892,Clerk,PO1767
INV1768,V025,2026-02-07,2015,Supervisor,PO1768
INV1769,V022,2026-02-08,28712,Manager,PO1769
INV1770,V043,2026-02-09,35961,Supervisor,PO1770
INV1771,V044,2026-02-10,9415,Supervisor,PO1771
INV1772,V026,2026-02-11,47318,Clerk,PO1772
INV1773,V047,2026-02-12,48280,Director,PO1773
INV1774,V011,2026-02-13,24833,Clerk,PO1774
INV1775,V030,2026-02-14,5158,Director,PO1775
INV1776,V009,2026-02-15,21309,Supervisor,PO1776
INV1777,V040,2026-02-16,7970,Supervisor,PO1777
INV1778,V035,2026-02-17,7938,Manager,PO1778
INV1779,V002,2026-02-18,22168,Supervisor,
INV1780,V026,2026-02-19,47540,Clerk,PO1780
INV1781,V038,2026-02-20,21384,Manager,PO1781
INV1782,V037,2026-02-21,19017,Manager,PO1782
INV1783,V043,2026-02-22,11344,Clerk,PO1783
INV1784,V002,2026-02-23,41034,Clerk,PO1784
INV1785,V006,2026-02-24,9702,Supervisor,PO1785
INV1786,V042,2026-02-25,1384,Supervisor,PO1786
INV1787,V028,2026-02-26,1404,Manager,PO1787
INV1788,V009,2026-02-27,41943,Supervisor,PO1788
INV1789,V030,2026-02-28,48926,Manager,PO1789
INV1790,V012,2026-03-01,30189,Supervisor,PO1790
INV1791,V004,2026-03-02,13763,Supervisor,PO1791
INV1792,V017,2026-03-03,19384,Clerk,PO1792
INV1793,V025,2026-03-04,33606,Supervisor,PO1793
INV1794,V021,2026-03-05,10860,Clerk,PO1794
INV1795,V014,2026-03-06,39757,Clerk,PO1795
INV1796,V030,2026-03-07,16106,Supervisor,PO1796
INV1797,V021,2026-03-08,24574,Clerk,
INV1798,V022,2026-03-09,24524,Clerk,PO1798
INV1799,V049,2026-03-10,4636,Clerk,PO1799
INV1799,V049,2026-03-11,11916,Supervisor,PO1800
INV1801,V018,2026-03-12,5809,Clerk,PO1801
INV1802,V049,2026-03-13,33201,Manager,PO1802
INV1803,V027,2026-03-14,14456,Supervisor,PO1803
INV1804,V017,2026-03-15,49212,Supervisor,PO1804
INV1805,V006,2026-03-16,39765,Manager,PO1805
INV1806,V031,2026-03-17,35816,Manager,PO1806
INV1807,V002,2026-03-18,46106,Manager,PO1807
INV1808,V048,2026-03-19,18100,Clerk,PO1808
INV1809,V035,2026-03-20,22949,Clerk,PO1809
INV1810,V004,2026-03-21,5544,Supervisor,PO1810
INV1811,V023,2026-03-22,38744,Supervisor,PO1811
INV1812,V015,2026-03-23,46543,Supervisor,PO1812
INV1813,V042,2026-03-24,43783,Clerk,PO1813
INV1813,V042,2026-03-25,27657,Supervisor,PO1814
INV1815,V050,2026-03-26,37187,Clerk,PO1815
INV1816,V042,2026-03-27,48198,Director,PO1816
INV1817,V003,2026-03-28,8239,Supervisor,PO1817
INV1818,V049,2026-03-29,15489,Manager,PO1818
INV1819,V002,2026-03-30,44125,Supervisor,PO1819
INV1820,V016,2026-03-31,29538,Clerk,PO1820
INV1821,V013,2026-04-01,33049,Supervisor,PO1821
INV1822,V002,2026-04-02,38131,Manager,PO1822
INV1823,V040,2026-04-03,43944,Manager,PO1823
INV1824,V010,2026-04-04,9427,Supervisor,PO1824
INV1825,V016,2026-04-05,42348,Manager,PO1825
INV1826,V009,2026-04-06,25285,Supervisor,PO1826
INV1827,V031,2026-04-07,38626,Manager,PO1827
INV1828,V043,2026-04-08,43808,Supervisor,PO1828
INV1829,V008,2026-04-09,23928,Supervisor,PO1829
INV1830,V037,2026-04-10,20198,Clerk,PO1830
INV1831,V014,2026-04-11,20758,Clerk,
INV1832,V030,2026-04-12,16254,Manager,
INV1833,V045,2026-04-13,45238,Manager,PO1833
INV1834,V017,2026-04-14,2252,Clerk,PO1834
INV1835,V050,2026-04-15,40764,Supervisor,PO1835
INV1836,V024,2026-04-16,13173,Director,PO1836
INV1837,V011,2026-04-17,38441,Supervisor,PO1837
INV1838,V039,2026-04-18,27698,Supervisor,PO1838
INV1838,V039,2026-04-19,16781,Supervisor,PO1839
INV1840,V048,2026-04-20,14051,Supervisor,PO1840
INV1841,V046,2026-04-21,40649,Manager,
INV1841,V046,2026-04-22,7949,Director,PO1842
INV1843,V050,2026-04-23,43289,Supervisor,PO1843
INV1844,V011,2026-04-24,9017,Clerk,PO1844
INV1845,V020,2026-04-25,7941,Manager,PO1845
INV1846,V007,2026-04-26,26934,Clerk,PO1846
INV1847,V038,2026-04-27,24386,Clerk,PO1847
INV1848,V002,2026-04-28,11209,Supervisor,PO1848
INV1849,V020,2026-04-29,18715,Clerk,
INV1850,V037,2026-04-30,29920,Clerk,PO1850
INV1851,V044,2026-05-01,32703,Director,
INV1852,V025,2026-05-02,43318,Manager,PO1852
INV1853,V026,2026-05-03,5637,Clerk,PO1853
INV1854,V046,2026-05-04,5854,Manager,PO1854
INV1855,V013,2026-05-05,44088,Supervisor,
INV1856,V005,2026-05-06,38660,Director,PO1856
INV1857,V038,2026-05-07,40811,Manager,PO1857
INV1858,V045,2026-05-08,20856,Supervisor,PO1858
INV1858,V045,2026-05-09,22833,Manager,PO1859
INV1860,V016,2026-05-10,20963,Director,PO1860
INV1861,V007,2026-05-11,37932,Supervisor,
INV1862,V045,2026-05-12,28169,Supervisor,PO1862
INV1863,V050,2026-05-13,8941,Manager,PO1863
INV1864,V020,2026-05-14,15388,Director,PO1864
INV1865,V044,2026-05-15,6569,Supervisor,PO1865
INV1866,V039,2026-05-16,5300,Clerk,PO1866
INV1867,V008,2026-05-17,40037,Supervisor,PO1867
INV1868,V037,2026-05-18,37586,Manager,PO1868
INV1869,V003,2026-05-19,13015,Supervisor,PO1869
INV1870,V023,2026-05-20,46002,Manager,PO1870
INV1871,V035,2026-05-21,7254,Supervisor,PO1871
INV1872,V028,2026-05-22,18144,Clerk,PO1872
INV1873,V043,2026-05-23,25214,Manager,PO1873
INV1874,V024,2026-05-24,41118,Manager,PO1874
INV1875,V005,2026-05-25,16183,Manager,PO1875
INV1876,V033,2026-05-26,7238,Clerk,PO1876
INV1877,V042,2026-05-27,7090,Clerk,PO1877
INV1878,V022,2026-05-28,12637,Clerk,
INV1879,V001,2026-05-29,23415,Manager,PO1879
INV1880,V027,2026-05-30,25071,Manager,PO1880
INV1881,V032,2026-05-31,46415,Supervisor,
INV1882,V007,2026-06-01,43679,Manager,
INV1883,V028,2026-06-02,42240,Director,PO1883
INV1884,V024,2026-06-03,19271,Supervisor,PO1884
INV1885,V041,2026-06-04,37034,Supervisor,PO1885
INV1886,V030,2026-06-05,34434,Clerk,PO1886
INV1887,V046,2026-06-06,5188,Supervisor,PO1887
INV1888,V010,2026-06-07,11161,Manager,PO1888
INV1889,V028,2026-06-08,29732,Manager,
INV1890,V012,2026-06-09,12314,Manager,PO1890
INV1891,V047,2026-06-10,24954,Supervisor,
INV1892,V034,2026-06-11,22508,Manager,PO1892
INV1893,V042,2026-06-12,22969,Clerk,PO1893
INV1893,V042,2026-06-13,46659,Director,PO1894
INV1895,V040,2026-06-14,38545,Supervisor,PO1895
INV1896,V035,2026-06-15,37668,Clerk,
INV1897,V050,2026-06-16,24061,Manager,
INV1898,V031,2026-06-17,14716,Supervisor,PO1898
INV1899,V030,2026-06-18,40749,Clerk,PO1899
INV1900,V028,2026-06-19,40144,Manager,PO1900
INV1901,V047,2026-06-20,17907,Manager,
INV1902,V038,2026-06-21,19777,Director,PO1902
INV1903,V018,2026-06-22,28693,Supervisor,PO1903
INV1903,V018,2026-06-23,43928,Supervisor,PO1904
INV1905,V016,2026-06-24,27329,Supervisor,PO1905
INV1906,V006,2026-06-25,47892,Clerk,PO1906
INV1907,V018,2026-06-26,17282,Clerk,PO1907
INV1908,V029,2026-06-27,24624,Clerk,PO1908
INV1909,V016,2026-06-28,24321,Clerk,
INV1910,V049,2026-06-29,11488,Clerk,PO1910
INV1911,V030,2026-06-30,23574,Supervisor,PO1911
INV1912,V037,2026-07-01,6240,Supervisor,PO1912
INV1913,V040,2026-07-02,44221,Supervisor,PO1913
INV1914,V043,2026-07-03,11478,Clerk,PO1914
INV1915,V025,2026-07-04,46162,Supervisor,PO1915
INV1916,V022,2026-07-05,20262,Supervisor,PO1916
INV1917,V002,2026-07-06,5432,Clerk,PO1917
INV1918,V032,2026-07-07,30721,Supervisor,PO1918
INV1919,V021,2026-07-08,14568,Manager,PO1919
INV1920,V012,2026-07-09,15178,Clerk,PO1920
INV1921,V032,2026-07-10,23195,Manager,PO1921
INV1922,V014,2026-07-11,1302,Clerk,
INV1923,V023,2026-07-12,18022,Clerk,PO1923
INV1924,V017,2026-07-13,1055,Supervisor,PO1924
INV1925,V022,2026-07-14,46781,Director,PO1925
INV1926,V018,2026-07-15,9717,Supervisor,PO1926
INV1927,V039,2026-07-16,29699,Supervisor,PO1927
INV1928,V045,2026-07-17,9150,Clerk,PO1928
INV1929,V018,2026-07-18,3125,Supervisor,PO1929
INV1930,V036,2026-07-19,45247,Manager,
INV1931,V001,2026-07-20,49513,Manager,PO1931
INV1932,V034,2026-07-21,17748,Clerk,PO1932
INV1933,V013,2026-07-22,40577,Clerk,PO1933
INV1934,V006,2026-07-23,5621,Manager,PO1934
INV1935,V016,2026-07-24,16034,Manager,PO1935
INV1936,V047,2026-07-25,47391,Manager,PO1936
INV1937,V027,2026-07-26,6126,Director,PO1937
INV1938,V032,2026-07-27,6122,Clerk,PO1938
INV1939,V036,2026-07-28,19030,Clerk,
INV1940,V049,2026-07-29,18302,Manager,PO1940
INV1941,V016,2026-07-30,20181,Supervisor,PO1941
INV1942,V045,2026-07-31,39638,Manager,PO1942
INV1943,V031,2026-08-01,2531,Manager,
INV1944,V042,2026-08-02,41940,Clerk,PO1944
INV1945,V046,2026-08-03,41441,Manager,PO1945
INV1946,V032,2026-08-04,24333,Manager,PO1946
INV1947,V029,2026-08-05,40650,Manager,PO1947
INV1948,V002,2026-08-06,35674,Manager,PO1948
INV1949,V006,2026-08-07,36854,Manager,PO1949
INV1950,V019,2026-08-08,47271,Clerk,
INV1951,V015,2026-08-09,9152,Supervisor,PO1951
INV1952,V026,2026-08-10,39518,Clerk,PO1952
INV1953,V045,2026-08-11,46540,Clerk,PO1953
INV1954,V016,2026-08-12,11267,Manager,PO1954
INV1955,V020,2026-08-13,26289,Director,PO1955
INV1956,V043,2026-08-14,2062,Clerk,PO1956
INV1957,V038,2026-08-15,30926,Manager,PO1957
INV1958,V024,2026-08-16,7229,Supervisor,PO1958
INV1959,V031,2026-08-17,48915,Manager,
INV1959,V031,2026-08-18,5632,Clerk,PO1960
INV1961,V034,2026-08-19,40056,Clerk,
INV1962,V023,2026-08-20,4596,Supervisor,PO1962
INV1963,V028,2026-08-21,45243,Clerk,PO1963
INV1964,V048,2026-08-22,7168,Supervisor,PO1964
INV1965,V036,2026-08-23,43563,Director,PO1965
INV1966,V022,2026-08-24,8561,Manager,PO1966
INV1967,V023,2026-08-25,9258,Manager,
INV1968,V045,2026-08-26,17616,Clerk,PO1968
INV1969,V030,2026-08-27,27734,Clerk,PO1969
INV1970,V018,2026-08-28,7371,Clerk,PO1970
INV1971,V020,2026-08-29,27069,Director,PO1971
INV1972,V017,2026-08-30,15369,Supervisor,PO1972
INV1973,V015,2026-08-31,13910,Supervisor,PO1973
INV1974,V008,2026-09-01,8943,Clerk,PO1974
INV1975,V047,2026-09-02,13199,Supervisor,PO1975
INV1976,V013,2026-09-03,16728,Director,PO1976
INV1977,V021,2026-09-04,24275,Supervisor,
INV1978,V008,2026-09-05,7738,Manager,PO1978
INV1979,V048,2026-09-06,16913,Supervisor,PO1979
INV1980,V035,2026-09-07,36240,Manager,PO1980
INV1981,V049,2026-09-08,20123,Manager,
INV1982,V045,2026-09-09,49447,Manager,PO1982
INV1983,V012,2026-09-10,35529,Supervisor,PO1983
INV1984,V013,2026-09-11,11167,Supervisor,PO1984
INV1985,V014,2026-09-12,11554,Manager,PO1985
INV1985,V014,2026-09-13,18260,Clerk,PO1986
INV1987,V031,2026-09-14,48045,Clerk,PO1987
INV1988,V018,2026-09-15,4812,Clerk,PO1988
INV1989,V047,2026-09-16,29024,Manager,PO1989
INV1990,V038,2026-09-17,28285,Clerk,PO1990
INV1991,V049,2026-09-18,27900,Supervisor,PO1991
INV1992,V034,2026-09-19,2605,Manager,PO1992
INV1993,V039,2026-09-20,6622,Manager,PO1993
INV1994,V019,2026-09-21,7767,Clerk,PO1994
INV1995,V007,2026-09-22,28139,Director,PO1995
INV1996,V013,2026-09-23,12613,Supervisor,PO1996
INV1997,V019,2026-09-24,11589,Supervisor,PO1997
INV1998,V015,2026-09-25,14918,Clerk,PO1998
INV1999,V024,2026-09-26,21119,Clerk,PO1999
INV2000,V012,2026-09-27,28446,Manager,PO2000
INV2001,V020,2026-09-28,14046,Supervisor,PO2001
INV2002,V001,2026-09-29,25818,Director,PO2002
INV2003,V046,2026-09-30,36358,Supervisor,PO2003
INV2004,V035,2026-10-01,5324,Supervisor,PO2004
INV2004,V035,2026-10-02,11787,Supervisor,PO2005
INV2006,V018,2026-10-03,10111,Manager,PO2006
INV2007,V003,2026-10-04,39110,Director,PO2007
INV2008,V004,2026-10-05,17389,Manager,PO2008
INV2009,V036,2026-10-06,42427,Clerk,PO2009
INV2010,V019,2026-10-07,15043,Manager,PO2010
INV2011,V045,2026-10-08,29746,Manager,PO2011
INV2012,V009,2026-10-09,23350,Clerk,PO2012
INV2013,V041,2026-10-10,42605,Manager,PO2013
INV2014,V049,2026-10-11,1117,Clerk,PO2014
INV2015,V032,2026-10-12,47685,Clerk,PO2015
INV2016,V007,2026-10-13,19935,Manager,PO2016
INV2017,V001,2026-10-14,48077,Manager,PO2017
INV2018,V037,2026-10-15,14234,Clerk,PO2018
INV2019,V019,2026-10-16,39328,Clerk,PO2019
INV2020,V031,2026-10-17,1846,Supervisor,PO2020
INV2021,V031,2026-10-18,11954,Supervisor,PO2021
INV2022,V029,2026-10-19,14703,Supervisor,PO2022
INV2023,V022,2026-10-20,49153,Supervisor,PO2023
INV2024,V012,2026-10-21,47514,Clerk,PO2024
INV2025,V004,2026-10-22,23700,Supervisor,PO2025
INV2026,V017,2026-10-23,33043,Manager,PO2026
INV2027,V031,2026-10-24,7469,Clerk,PO2027
INV2028,V008,2026-10-25,31105,Supervisor,PO2028
INV2029,V005,2026-10-26,43101,Clerk,PO2029
INV2030,V026,2026-10-27,27386,Supervisor,PO2030
INV2031,V032,2026-10-28,46587,Supervisor,PO2031
INV2032,V005,2026-10-29,37976,Supervisor,PO2032
INV2033,V037,2026-10-30,40051,Director,PO2033
INV2034,V041,2026-10-31,3048,Clerk,
INV2035,V044,2026-11-01,40001,Clerk,PO2035
INV2036,V004,2026-11-02,13941,Clerk,PO2036
INV2037,V010,2026-11-03,46375,Clerk,PO2037
INV2038,V010,2026-11-04,43533,Supervisor,PO2038
INV2039,V037,2026-11-05,2828,Supervisor,PO2039
INV2040,V020,2026-11-06,2917,Supervisor,PO2040
INV2041,V006,2026-11-07,21618,Clerk,PO2041
INV2042,V016,2026-11-08,33254,Manager,PO2042
INV2043,V008,2026-11-09,40756,Clerk,PO2043
INV2044,V036,2026-11-10,48362,Manager,PO2044
INV2044,V036,2026-11-11,21128,Supervisor,PO2045
INV2046,V027,2026-11-12,46745,Clerk,PO2046
INV2047,V039,2026-11-13,1009,Manager,
INV2048,V039,2026-11-14,17644,Manager,PO2048
INV2049,V040,2026-11-15,23422,Supervisor,PO2049
INV2049,V040,2026-11-16,10865,Supervisor,PO2050
INV2051,V050,2026-11-17,3219,Clerk,PO2051
INV2052,V034,2026-11-18,40809,Manager,
INV2053,V025,2026-11-19,6287,Clerk,PO2053
INV2054,V029,2026-11-20,35387,Clerk,PO2054
INV2055,V029,2026-11-21,9512,Supervisor,PO2055
INV2056,V020,2026-11-22,2342,Supervisor,PO2056
INV2057,V038,2026-11-23,44336,Clerk,PO2057
INV2058,V028,2026-11-24,20216,Manager,PO2058
INV2059,V020,2026-11-25,28534,Director,
INV2060,V037,2026-11-26,15231,Clerk,PO2060
INV2061,V040,2026-11-27,33293,Supervisor,PO2061
INV2062,V004,2026-11-28,27614,Manager,PO2062
INV2063,V040,2026-11-29,37258,Clerk,PO2063
INV2064,V048,2026-11-30,29253,Manager,PO2064
INV2065,V007,2026-12-01,43078,Clerk,PO2065
INV2066,V049,2026-12-02,41752,Director,PO2066
INV2067,V014,2026-12-03,18988,Clerk,PO2067
INV2068,V041,2026-12-04,32037,Manager,PO2068
INV2069,V014,2026-12-05,13219,Manager,PO2069
INV2070,V017,2026-12-06,1235,Clerk,PO2070
INV2071,V043,2026-12-07,43929,Manager,
INV2072,V006,2026-12-08,2908,Manager,PO2072
INV2073,V011,2026-12-09,9567,Supervisor,PO2073
INV2074,V016,2026-12-10,37298,Clerk,PO2074
INV2075,V012,2026-12-11,6256,Manager,PO2075
INV2076,V036,2026-12-12,20019,Director,PO2076
INV2077,V005,2026-12-13,9162,Manager,PO2077
INV2078,V011,2026-12-14,6415,Director,PO2078
INV2079,V001,2026-12-15,37159,Clerk,PO2079
INV2080,V027,2026-12-16,44925,Supervisor,PO2080
INV2081,V029,2026-12-17,6951,Supervisor,PO2081
INV2082,V045,2026-12-18,22852,Supervisor,PO2082
INV2083,V039,2026-12-19,9007,Director,PO2083
INV2083,V039,2026-12-20,42832,Manager,PO2084
INV2085,V019,2026-12-21,31523,Director,PO2085
INV2086,V003,2026-12-22,24325,Clerk,PO2086
INV2087,V015,2026-12-23,22204,Clerk,PO2087
INV2088,V019,2026-12-24,16524,Clerk,PO2088
INV2089,V046,2026-12-25,20282,Clerk,PO2089
INV2090,V019,2026-12-26,24930,Manager,PO2090
INV2091,V045,2026-12-27,1077,Clerk,PO2091
INV2092,V030,2026-12-28,41345,Clerk,PO2092
INV2093,V005,2026-12-29,21611,Supervisor,PO2093
INV2094,V044,2026-12-30,17984,Supervisor,PO2094
INV2095,V015,2026-12-31,15060,Clerk,PO2095
INV2096,V017,2027-01-01,18449,Clerk,PO2096
INV2097,V041,2027-01-02,19520,Manager,PO2097
INV2098,V038,2027-01-03,44303,Manager,PO2098
INV2099,V043,2027-01-04,10510,Manager,PO2099
INV2100,V013,2027-01-05,30287,Clerk,PO2100
INV2101,V028,2027-01-06,29173,Manager,PO2101
INV2102,V008,2027-01-07,40711,Director,PO2102
INV2103,V035,2027-01-08,12954,Clerk,PO2103
INV2104,V015,2027-01-09,8804,Clerk,
INV2105,V042,2027-01-10,7565,Clerk,PO2105
INV2106,V010,2027-01-11,6984,Manager,PO2106
INV2107,V018,2027-01-12,22526,Clerk,PO2107
INV2108,V010,2027-01-13,38438,Supervisor,PO2108
INV2109,V005,2027-01-14,19574,Clerk,PO2109
INV2110,V004,2027-01-15,10184,Clerk,PO2110
INV2111,V011,2027-01-16,20096,Director,PO2111
INV2112,V020,2027-01-17,3192,Supervisor,PO2112
INV2113,V039,2027-01-18,35016,Supervisor,
INV2114,V048,2027-01-19,12246,Clerk,PO2114
INV2115,V037,2027-01-20,46558,Supervisor,PO2115
INV2116,V019,2027-01-21,19381,Manager,PO2116
INV2117,V029,2027-01-22,37455,Clerk,PO2117
INV2118,V008,2027-01-23,27727,Manager,PO2118
INV2119,V030,2027-01-24,5018,Clerk,PO2119
INV2120,V045,2027-01-25,12302,Clerk,PO2120
INV2121,V020,2027-01-26,2970,Manager,PO2121
INV2122,V045,2027-01-27,42157,Director,PO2122
INV2123,V026,2027-01-28,28202,Director,PO2123
INV2124,V018,2027-01-29,32110,Supervisor,PO2124
INV2125,V033,2027-01-30,18586,Clerk,PO2125
INV2126,V035,2027-01-31,25519,Supervisor,PO2126
INV2127,V032,2027-02-01,32273,Manager,PO2127
INV2128,V029,2027-02-02,22951,Supervisor,PO2128
INV2129,V006,2027-02-03,16374,Manager,PO2129
INV2130,V039,2027-02-04,6788,Supervisor,PO2130
INV2131,V003,2027-02-05,6408,Manager,PO2131
INV2132,V028,2027-02-06,26053,Supervisor,PO2132
INV2133,V048,2027-02-07,10446,Director,
INV2134,V021,2027-02-08,1922,Manager,PO2134
INV2135,V039,2027-02-09,34187,Clerk,PO2135
INV2136,V017,2027-02-10,11789,Director,PO2136
INV2137,V002,2027-02-11,33184,Clerk,PO2137
INV2138,V006,2027-02-12,2120,Supervisor,PO2138
INV2139,V015,2027-02-13,45028,Clerk,PO2139
INV2140,V044,2027-02-14,33154,Clerk,PO2140
INV2141,V037,2027-02-15,18334,Manager,PO2141
INV2142,V038,2027-02-16,3336,Manager,PO2142
INV2143,V002,2027-02-17,39141,Supervisor,PO2143
INV2144,V049,2027-02-18,3243,Clerk,PO2144
INV2145,V044,2027-02-19,20029,Clerk,PO2145
INV2146,V018,2027-02-20,33265,Clerk,PO2146
INV2147,V037,2027-02-21,38380,Clerk,PO2147
INV2148,V003,2027-02-22,47714,Supervisor,PO2148
INV2149,V049,2027-02-23,44872,Director,PO2149
INV2150,V049,2027-02-24,47197,Clerk,PO2150
INV2151,V012,2027-02-25,24710,Supervisor,PO2151
INV2152,V031,2027-02-26,30486,Supervisor,PO2152
INV2153,V034,2027-02-27,7371,Clerk,
INV2154,V042,2027-02-28,7359,Director,PO2154
INV2155,V029,2027-03-01,41631,Manager,
INV2156,V018,2027-03-02,36996,Manager,PO2156
INV2157,V012,2027-03-03,21103,Supervisor,PO2157
INV2158,V038,2027-03-04,15382,Clerk,PO2158
INV2159,V028,2027-03-05,19755,Supervisor,PO2159
INV2160,V041,2027-03-06,36659,Supervisor,PO2160
INV2161,V032,2027-03-07,4756,Manager,PO2161
INV2162,V006,2027-03-08,21609,Supervisor,PO2162
INV2163,V031,2027-03-09,49538,Clerk,PO2163
INV2164,V023,2027-03-10,17478,Clerk,PO2164
INV2165,V027,2027-03-11,36442,Supervisor,
INV2166,V022,2027-03-12,40666,Director,
INV2167,V021,2027-03-13,11147,Manager,PO2167
INV2168,V043,2027-03-14,34561,Clerk,PO2168
INV2169,V007,2027-03-15,35884,Supervisor,PO2169
INV2170,V011,2027-03-16,6779,Supervisor,PO2170
INV2171,V022,2027-03-17,13298,Supervisor,PO2171
INV2172,V027,2027-03-18,15153,Manager,PO2172
INV2173,V045,2027-03-19,44879,Manager,PO2173
INV2174,V032,2027-03-20,11789,Clerk,PO2174
INV2175,V019,2027-03-21,45165,Supervisor,PO2175
INV2176,V043,2027-03-22,13999,Manager,PO2176
INV2177,V026,2027-03-23,1814,Manager,PO2177
INV2178,V049,2027-03-24,11541,Director,PO2178
INV2179,V036,2027-03-25,25938,Manager,PO2179
INV2180,V003,2027-03-26,3443,Director,PO2180
INV2181,V030,2027-03-27,11457,Supervisor,PO2181
INV2182,V006,2027-03-28,11380,Supervisor,
INV2183,V021,2027-03-29,8783,Manager,PO2183
INV2184,V017,2027-03-30,45241,Manager,PO2184
INV2185,V021,2027-03-31,18368,Supervisor,PO2185
INV2186,V008,2027-04-01,16328,Supervisor,PO2186
INV2187,V050,2027-04-02,27215,Supervisor,PO2187
INV2188,V026,2027-04-03,34595,Manager,PO2188
INV2189,V033,2027-04-04,28306,Supervisor,PO2189
INV2190,V001,2027-04-05,20915,Supervisor,PO2190
INV2191,V043,2027-04-06,40915,Supervisor,PO2191
INV2192,V035,2027-04-07,38219,Supervisor,PO2192
INV2193,V030,2027-04-08,16343,Supervisor,PO2193
INV2194,V027,2027-04-09,47403,Supervisor,PO2194
INV2195,V004,2027-04-10,39727,Manager,PO2195
INV2196,V013,2027-04-11,1126,Clerk,PO2196
INV2197,V034,2027-04-12,28632,Manager,PO2197
INV2198,V024,2027-04-13,42563,Clerk,PO2198
INV2199,V040,2027-04-14,45409,Clerk,PO2199
INV2200,V049,2027-04-15,21530,Manager,PO2200
INV2201,V032,2027-04-16,40964,Clerk,PO2201
INV2202,V041,2027-04-17,45327,Manager,PO2202
INV2203,V029,2027-04-18,4368,Supervisor,PO2203
INV2204,V049,2027-04-19,4797,Director,PO2204
INV2205,V004,2027-04-20,48882,Manager,PO2205
INV2206,V014,2027-04-21,14718,Director,PO2206
INV2207,V018,2027-04-22,35560,Clerk,
INV2208,V036,2027-04-23,12053,Manager,PO2208
INV2209,V009,2027-04-24,23116,Manager,PO2209
INV2210,V019,2027-04-25,37244,Clerk,PO2210
INV2211,V029,2027-04-26,37185,Supervisor,PO2211
INV2212,V045,2027-04-27,2645,Supervisor,PO2212
INV2213,V032,2027-04-28,48523,Manager,PO2213
INV2214,V008,2027-04-29,20256,Manager,PO2214
INV2215,V002,2027-04-30,36840,Clerk,PO2215
INV2216,V041,2027-05-01,35622,Manager,PO2216
INV2217,V039,2027-05-02,38430,Manager,PO2217
INV2218,V016,2027-05-03,40282,Manager,
INV2219,V046,2027-05-04,3708,Supervisor,PO2219
INV2220,V011,2027-05-05,12694,Director,PO2220
INV2221,V020,2027-05-06,10524,Clerk,PO2221
INV2222,V036,2027-05-07,32880,Director,PO2222
INV2222,V036,2027-05-08,40224,Clerk,PO2223
INV2224,V036,2027-05-09,37980,Clerk,PO2224
INV2225,V027,2027-05-10,33409,Manager,PO2225
INV2226,V006,2027-05-11,14224,Supervisor,PO2226
INV2226,V006,2027-05-12,41738,Director,PO2227
INV2228,V008,2027-05-13,26150,Supervisor,PO2228
INV2229,V030,2027-05-14,35393,Clerk,PO2229
INV2230,V008,2027-05-15,44082,Supervisor,PO2230
INV2231,V042,2027-05-16,8973,Manager,PO2231
INV2232,V010,2027-05-17,9577,Supervisor,PO2232
INV2233,V032,2027-05-18,9070,Clerk,PO2233
INV2234,V046,2027-05-19,9666,Clerk,PO2234
INV2235,V019,2027-05-20,37368,Clerk,PO2235
INV2236,V033,2027-05-21,7783,Supervisor,PO2236
INV2237,V046,2027-05-22,46994,Manager,PO2237
INV2238,V018,2027-05-23,42914,Supervisor,
INV2239,V027,2027-05-24,5971,Manager,PO2239
INV2240,V031,2027-05-25,14490,Supervisor,PO2240
INV2241,V031,2027-05-26,46719,Supervisor,PO2241
INV2242,V016,2027-05-27,46080,Supervisor,PO2242
INV2243,V030,2027-05-28,2990,Clerk,PO2243
INV2244,V036,2027-05-29,6299,Clerk,PO2244
INV2245,V010,2027-05-30,46765,Manager,
INV2246,V025,2027-05-31,20956,Supervisor,PO2246
INV2247,V013,2027-06-01,23359,Manager,PO2247
INV2248,V039,2027-06-02,47240,Clerk,PO2248
INV2249,V033,2027-06-03,38148,Manager,PO2249
INV2250,V048,2027-06-04,29734,Manager,PO2250
INV2251,V009,2027-06-05,5757,Supervisor,PO2251
INV2252,V005,2027-06-06,20097,Manager,
INV2252,V005,2027-06-07,11395,Supervisor,PO2253
INV2254,V050,2027-06-08,17241,Clerk,PO2254
INV2255,V027,2027-06-09,39356,Manager,PO2255
INV2256,V022,2027-06-10,28696,Clerk,PO2256
INV2257,V033,2027-06-11,5944,Manager,PO2257
INV2258,V018,2027-06-12,47163,Manager,PO2258
INV2259,V001,2027-06-13,20816,Supervisor,PO2259
INV2260,V019,2027-06-14,38011,Manager,PO2260
INV2261,V047,2027-06-15,25917,Supervisor,PO2261
INV2262,V020,2027-06-16,32195,Manager,PO2262
INV2263,V038,2027-06-17,22566,Manager,PO2263
INV2264,V038,2027-06-18,10916,Supervisor,PO2264
INV2265,V043,2027-06-19,21806,Clerk,
INV2265,V043,2027-06-20,10984,Manager,
INV2267,V010,2027-06-21,2759,Clerk,PO2267
INV2268,V029,2027-06-22,42949,Manager,PO2268
INV2269,V035,2027-06-23,27838,Supervisor,PO2269
INV2270,V031,2027-06-24,3482,Clerk,PO2270
INV2271,V023,2027-06-25,25442,Supervisor,PO2271
INV2272,V022,2027-06-26,34719,Supervisor,
INV2273,V036,2027-06-27,28965,Clerk,PO2273
INV2274,V049,2027-06-28,3079,Director,PO2274
INV2275,V035,2027-06-29,3717,Clerk,PO2275
INV2276,V025,2027-06-30,28952,Director,PO2276
INV2277,V030,2027-07-01,21908,Manager,PO2277
INV2278,V021,2027-07-02,43460,Supervisor,PO2278
INV2279,V013,2027-07-03,25861,Clerk,PO2279
INV2279,V013,2027-07-04,8311,Clerk,PO2280
INV2281,V016,2027-07-05,29071,Supervisor,PO2281
INV2282,V037,2027-07-06,24570,Supervisor,PO2282
INV2283,V025,2027-07-07,19449,Manager,PO2283
INV2284,V015,2027-07-08,34536,Manager,PO2284
INV2285,V050,2027-07-09,39258,Supervisor,PO2285
INV2286,V027,2027-07-10,49302,Supervisor,PO2286
INV2287,V003,2027-07-11,29865,Director,PO2287
INV2288,V021,2027-07-12,7645,Supervisor,PO2288
INV2289,V048,2027-07-13,39000,Director,PO2289
INV2290,V031,2027-07-14,27737,Supervisor,PO2290
INV2291,V046,2027-07-15,12485,Manager,PO2291
INV2292,V025,2027-07-16,39565,Manager,
INV2293,V025,2027-07-17,26522,Supervisor,PO2293
INV2294,V043,2027-07-18,13342,Supervisor,PO2294
INV2295,V042,2027-07-19,41806,Manager,PO2295
INV2296,V010,2027-07-20,49770,Clerk,PO2296
INV2296,V010,2027-07-21,14087,Director,
INV2298,V003,2027-07-22,38641,Clerk,PO2298
INV2299,V009,2027-07-23,35249,Clerk,PO2299
INV2299,V009,2027-07-24,11093,Clerk,PO2300
INV2301,V038,2027-07-25,48190,Manager,PO2301
INV2302,V022,2027-07-26,17438,Clerk,PO2302
INV2303,V007,2027-07-27,41411,Clerk,
INV2304,V029,2027-07-28,27399,Manager,PO2304
INV2305,V007,2027-07-29,20846,Supervisor,PO2305
INV2306,V034,2027-07-30,16708,Clerk,PO2306
INV2307,V030,2027-07-31,45039,Supervisor,PO2307
INV2308,V001,2027-08-01,46368,Supervisor,PO2308
INV2309,V047,2027-08-02,11998,Manager,PO2309
INV2310,V010,2027-08-03,48063,Supervisor,PO2310
INV2311,V027,2027-08-04,31678,Clerk,PO2311
INV2312,V042,2027-08-05,11682,Supervisor,PO2312
INV2313,V010,2027-08-06,9519,Manager,PO2313
INV2314,V005,2027-08-07,32480,Supervisor,PO2314
INV2315,V031,2027-08-08,20694,Supervisor,PO2315
INV2316,V017,2027-08-09,4300,Manager,
INV2317,V022,2027-08-10,7722,Manager,PO2317
INV2318,V040,2027-08-11,40986,Supervisor,PO2318
INV2319,V045,2027-08-12,25160,Supervisor,PO2319
INV2320,V026,2027-08-13,21059,Clerk,PO2320
INV2321,V042,2027-08-14,36822,Supervisor,PO2321
INV2322,V006,2027-08-15,14575,Clerk,PO2322
INV2323,V022,2027-08-16,8970,Supervisor,PO2323
INV2324,V044,2027-08-17,35911,Manager,PO2324
INV2325,V035,2027-08-18,22591,Supervisor,
INV2326,V025,2027-08-19,32821,Manager,PO2326
INV2327,V021,2027-08-20,10503,Clerk,PO2327
INV2328,V041,2027-08-21,48917,Manager,PO2328
INV2328,V041,2027-08-22,19922,Manager,PO2329
INV2328,V041,2027-08-23,13175,Clerk,PO2330
INV2331,V032,2027-08-24,42124,Manager,PO2331
INV2332,V035,2027-08-25,22389,Supervisor,PO2332
INV2333,V003,2027-08-26,48838,Manager,PO2333
INV2334,V040,2027-08-27,1822,Clerk,
INV2335,V005,2027-08-28,18327,Clerk,PO2335
INV2336,V016,2027-08-29,48057,Manager,PO2336
INV2336,V016,2027-08-30,7150,Manager,PO2337
INV2338,V044,2027-08-31,5425,Clerk,PO2338
INV2339,V019,2027-09-01,17032,Clerk,PO2339
INV2340,V015,2027-09-02,3198,Clerk,PO2340
INV2341,V048,2027-09-03,21079,Clerk,PO2341
INV2342,V006,2027-09-04,37220,Clerk,PO2342
INV2343,V028,2027-09-05,42874,Manager,PO2343
INV2344,V007,2027-09-06,14859,Clerk,PO2344
INV2345,V049,2027-09-07,32419,Director,PO2345
INV2345,V049,2027-09-08,9705,Clerk,PO2346
INV2347,V046,2027-09-09,43880,Supervisor,
INV2348,V007,2027-09-10,24236,Clerk,PO2348
INV2348,V007,2027-09-11,23419,Supervisor,PO2349
INV2350,V011,2027-09-12,20978,Supervisor,PO2350
INV2351,V045,2027-09-13,38609,Clerk,PO2351
INV2352,V020,2027-09-14,16358,Director,PO2352
INV2353,V002,2027-09-15,35177,Manager,PO2353
INV2354,V003,2027-09-16,30378,Manager,PO2354
INV2355,V021,2027-09-17,38334,Supervisor,PO2355
INV2356,V004,2027-09-18,12382,Supervisor,PO2356
INV2357,V019,2027-09-19,15596,Manager,PO2357
INV2358,V023,2027-09-20,34572,Manager,PO2358
INV2359,V024,2027-09-21,14221,Manager,PO2359
INV2360,V028,2027-09-22,2279,Manager,PO2360
INV2361,V010,2027-09-23,46960,Supervisor,PO2361
INV2362,V016,2027-09-24,8083,Clerk,PO2362
INV2363,V034,2027-09-25,44861,Clerk,PO2363
INV2364,V027,2027-09-26,18771,Clerk,PO2364
INV2365,V037,2027-09-27,30975,Manager,PO2365
INV2366,V044,2027-09-28,46648,Manager,
INV2367,V012,2027-09-29,49285,Supervisor,
INV2368,V011,2027-09-30,20063,Director,PO2368
INV2368,V011,2027-10-01,3106,Supervisor,
INV2370,V006,2027-10-02,25557,Manager,
INV2371,V040,2027-10-03,49854,Supervisor,PO2371
INV2372,V025,2027-10-04,21607,Supervisor,PO2372
INV2373,V040,2027-10-05,38599,Supervisor,PO2373
INV2374,V044,2027-10-06,29529,Clerk,PO2374
INV2375,V016,2027-10-07,36954,Clerk,PO2375
INV2376,V032,2027-10-08,28856,Clerk,PO2376
INV2377,V038,2027-10-09,3573,Manager,
INV2378,V010,2027-10-10,13808,Manager,PO2378
INV2379,V015,2027-10-11,36367,Manager,PO2379
INV2380,V030,2027-10-12,37801,Clerk,PO2380
INV2381,V041,2027-10-13,42196,Supervisor,PO2381
INV2382,V017,2027-10-14,35072,Clerk,PO2382
INV2383,V030,2027-10-15,24752,Manager,PO2383
INV2384,V017,2027-10-16,18685,Director,PO2384
INV2385,V043,2027-10-17,42401,Director,PO2385
INV2386,V001,2027-10-18,12372,Supervisor,PO2386
INV2387,V030,2027-10-19,9996,Director,PO2387
INV2388,V019,2027-10-20,17458,Clerk,PO2388
INV2389,V044,2027-10-21,32889,Director,PO2389
INV2390,V035,2027-10-22,27665,Manager,
INV2391,V011,2027-10-23,39243,Clerk,PO2391
INV2392,V005,2027-10-24,32653,Manager,PO2392
INV2393,V029,2027-10-25,27657,Manager,PO2393
INV2394,V023,2027-10-26,40952,Manager,
INV2394,V023,2027-10-27,23180,Supervisor,
INV2396,V020,2027-10-28,32896,Supervisor,PO2396
INV2397,V041,2027-10-29,13875,Clerk,PO2397
INV2398,V028,2027-10-30,2622,Manager,PO2398
INV2399,V045,2027-10-31,49756,Supervisor,PO2399
INV2400,V017,2027-11-01,41809,Supervisor,PO2400
INV2401,V030,2027-11-02,17725,Clerk,PO2401
INV2402,V020,2027-11-03,41760,Supervisor,PO2402
INV2403,V013,2027-11-04,16646,Manager,PO2403
INV2403,V013,2027-11-05,18029,Clerk,PO2404
INV2405,V031,2027-11-06,30402,Director,PO2405
INV2406,V007,2027-11-07,5263,Manager,PO2406
INV2407,V016,2027-11-08,31987,Clerk,PO2407
INV2408,V025,2027-11-09,47828,Supervisor,PO2408
INV2409,V037,2027-11-10,48924,Supervisor,PO2409
INV2410,V023,2027-11-11,9646,Manager,PO2410
INV2410,V023,2027-11-12,28529,Manager,PO2411
INV2412,V019,2027-11-13,12664,Manager,PO2412
INV2413,V045,2027-11-14,36737,Supervisor,PO2413
INV2414,V019,2027-11-15,36796,Clerk,PO2414
INV2415,V002,2027-11-16,25027,Manager,PO2415
INV2416,V043,2027-11-17,30373,Director,
INV2417,V026,2027-11-18,37397,Clerk,PO2417
INV2418,V018,2027-11-19,21609,Manager,PO2418
INV2419,V001,2027-11-20,36835,Clerk,
INV2420,V037,2027-11-21,39709,Supervisor,PO2420
INV2421,V044,2027-11-22,20250,Manager,PO2421
INV2422,V050,2027-11-23,22172,Manager,
INV2423,V048,2027-11-24,12555,Supervisor,PO2423
INV2424,V004,2027-11-25,22874,Clerk,PO2424
INV2425,V039,2027-11-26,14081,Clerk,PO2425
INV2426,V048,2027-11-27,25063,Clerk,PO2426
INV2427,V032,2027-11-28,7819,Manager,PO2427
INV2428,V019,2027-11-29,26712,Manager,PO2428
INV2429,V050,2027-11-30,25762,Clerk,PO2429
INV2430,V015,2027-12-01,12046,Manager,PO2430
INV2431,V039,2027-12-02,32463,Manager,PO2431
INV2432,V023,2027-12-03,29769,Supervisor,PO2432
INV2433,V015,2027-12-04,24150,Director,PO2433
INV2434,V041,2027-12-05,3711,Supervisor,
INV2435,V013,2027-12-06,5853,Supervisor,PO2435
INV2436,V040,2027-12-07,30077,Manager,PO2436
INV2437,V017,2027-12-08,24863,Director,PO2437
INV2438,V044,2027-12-09,22792,Manager,PO2438
INV2439,V049,2027-12-10,41483,Director,PO2439
INV2440,V047,2027-12-11,9942,Director,PO2440
INV2441,V050,2027-12-12,49275,Supervisor,PO2441
INV2442,V043,2027-12-13,49594,Director,PO2442
INV2443,V044,2027-12-14,2762,Clerk,PO2443
INV2444,V009,2027-12-15,32987,Manager,PO2444
INV2445,V041,2027-12-16,16850,Clerk,PO2445
INV2446,V007,2027-12-17,13112,Clerk,PO2446
INV2447,V041,2027-12-18,25058,Manager,PO2447
INV2448,V042,2027-12-19,46420,Supervisor,PO2448
INV2449,V003,2027-12-20,39890,Director,PO2449
INV2450,V020,2027-12-21,1481,Manager,
INV2451,V029,2027-12-22,48304,Supervisor,PO2451
INV2452,V003,2027-12-23,33921,Director,PO2452
INV2453,V038,2027-12-24,41385,Director,PO2453
INV2454,V024,2027-12-25,2524,Director,PO2454
INV2455,V047,2027-12-26,35888,Clerk,PO2455
INV2456,V009,2027-12-27,16048,Director,PO2456
INV2457,V006,2027-12-28,36111,Supervisor,PO2457
INV2458,V019,2027-12-29,38904,Manager,
INV2459,V021,2027-12-30,35008,Clerk,PO2459
INV2460,V048,2027-12-31,1060,Supervisor,PO2460
INV2461,V027,2028-01-01,10130,Manager,PO2461
INV2462,V012,2028-01-02,19023,Supervisor,PO2462
INV2463,V013,2028-01-03,46080,Supervisor,PO2463
INV2464,V009,2028-01-04,14350,Manager,
INV2465,V035,2028-01-05,25354,Clerk,PO2465
INV2466,V024,2028-01-06,46186,Supervisor,PO2466
INV2467,V034,2028-01-07,29145,Clerk,PO2467
INV2468,V033,2028-01-08,35020,Manager,PO2468
INV2469,V018,2028-01-09,21587,Manager,PO2469
INV2470,V011,2028-01-10,42131,Clerk,PO2470
INV2471,V017,2028-01-11,10650,Director,PO2471
INV2472,V031,2028-01-12,20933,Manager,PO2472
INV2473,V019,2028-01-13,21581,Supervisor,PO2473
INV2474,V048,2028-01-14,24393,Manager,PO2474
INV2474,V048,2028-01-15,24051,Clerk,PO2475
INV2476,V008,2028-01-16,27212,Supervisor,PO2476
INV2477,V030,2028-01-17,5090,Supervisor,
INV2478,V005,2028-01-18,7960,Manager,PO2478
INV2479,V010,2028-01-19,36772,Clerk,PO2479
INV2480,V049,2028-01-20,22520,Manager,PO2480
INV2481,V015,2028-01-21,37408,Clerk,PO2481
INV2482,V044,2028-01-22,29470,Supervisor,PO2482
INV2483,V047,2028-01-23,21491,Manager,PO2483
INV2484,V044,2028-01-24,2341,Manager,
INV2485,V026,2028-01-25,45623,Clerk,PO2485
INV2486,V036,2028-01-26,25791,Director,PO2486
INV2487,V024,2028-01-27,1338,Director,PO2487
INV2488,V006,2028-01-28,6895,Manager,PO2488
INV2489,V026,2028-01-29,13254,Supervisor,PO2489
INV2490,V001,2028-01-30,12344,Clerk,PO2490
INV2491,V017,2028-01-31,2750,Clerk,PO2491
INV2492,V035,2028-02-01,3421,Supervisor,
INV2493,V008,2028-02-02,40887,Director,PO2493
INV2494,V030,2028-02-03,6319,Director,PO2494
INV2495,V024,2028-02-04,16896,Clerk,
INV2496,V044,2028-02-05,12918,Clerk,PO2496
INV2497,V048,2028-02-06,26064,Supervisor,PO2497
INV2498,V044,2028-02-07,47617,Manager,PO2498
INV2498,V044,2028-02-08,28935,Clerk,PO2499
INV2500,V038,2028-02-09,38641,Clerk,PO2500
INV2501,V025,2028-02-10,30711,Supervisor,PO2501
INV2502,V041,2028-02-11,5806,Manager,
INV2503,V024,2028-02-12,42360,Manager,
INV2504,V007,2028-02-13,13182,Director,PO2504
INV2505,V044,2028-02-14,23297,Manager,PO2505
INV2506,V015,2028-02-15,20541,Clerk,
INV2507,V031,2028-02-16,29921,Manager,PO2507
INV2508,V002,2028-02-17,17774,Manager,PO2508
INV2509,V040,2028-02-18,45813,Manager,PO2509
INV2510,V036,2028-02-19,38198,Manager,PO2510
INV2511,V021,2028-02-20,9820,Supervisor,PO2511
INV2512,V040,2028-02-21,25070,Manager,PO2512
INV2513,V015,2028-02-22,5232,Director,PO2513
INV2514,V042,2028-02-23,12122,Clerk,PO2514
INV2515,V005,2028-02-24,16023,Clerk,PO2515
INV2516,V041,2028-02-25,9007,Clerk,PO2516
INV2517,V030,2028-02-26,18905,Clerk,PO2517
INV2518,V045,2028-02-27,42786,Supervisor,
INV2519,V020,2028-02-28,30398,Manager,PO2519
INV2520,V042,2028-02-29,35268,Clerk,PO2520
INV2521,V027,2028-03-01,7737,Supervisor,PO2521
INV2522,V008,2028-03-02,37062,Director,PO2522
INV2523,V009,2028-03-03,26510,Supervisor,PO2523
INV2524,V003,2028-03-04,20426,Clerk,PO2524
INV2524,V003,2028-03-05,38265,Supervisor,PO2525
INV2526,V020,2028-03-06,18850,Clerk,PO2526
INV2527,V032,2028-03-07,1614,Clerk,PO2527
INV2528,V008,2028-03-08,22776,Manager,PO2528
INV2529,V007,2028-03-09,25077,Clerk,PO2529
INV2530,V016,2028-03-10,10374,Manager,PO2530
INV2531,V035,2028-03-11,36435,Clerk,PO2531
INV2532,V009,2028-03-12,31907,Supervisor,PO2532
INV2533,V025,2028-03-13,14409,Manager,PO2533
INV2534,V030,2028-03-14,17514,Manager,PO2534
INV2535,V024,2028-03-15,30866,Manager,PO2535
INV2536,V043,2028-03-16,3983,Director,
INV2537,V048,2028-03-17,32705,Clerk,PO2537
INV2538,V045,2028-03-18,21662,Clerk,PO2538
INV2539,V035,2028-03-19,24510,Supervisor,
INV2540,V027,2028-03-20,13651,Supervisor,PO2540
INV2541,V038,2028-03-21,41998,Clerk,PO2541
INV2542,V048,2028-03-22,29535,Supervisor,PO2542
INV2543,V047,2028-03-23,7640,Supervisor,PO2543
INV2544,V010,2028-03-24,45547,Supervisor,PO2544
INV2545,V027,2028-03-25,16317,Manager,PO2545
INV2546,V042,2028-03-26,8564,Supervisor,
INV2547,V007,2028-03-27,28345,Clerk,PO2547
INV2548,V032,2028-03-28,49288,Manager,PO2548
INV2549,V040,2028-03-29,29687,Clerk,PO2549
INV2550,V027,2028-03-30,14737,Manager,PO2550
INV2551,V018,2028-03-31,10323,Manager,PO2551
INV2552,V003,2028-04-01,16229,Supervisor,PO2552
INV2553,V045,2028-04-02,45481,Manager,PO2553
INV2554,V024,2028-04-03,9502,Clerk,
INV2555,V014,2028-04-04,1545,Clerk,PO2555
INV2556,V029,2028-04-05,38114,Manager,PO2556
INV2557,V029,2028-04-06,30430,Director,PO2557
INV2558,V016,2028-04-07,10996,Manager,PO2558
INV2558,V016,2028-04-08,28788,Clerk,PO2559
INV2560,V007,2028-04-09,30969,Clerk,PO2560
INV2561,V044,2028-04-10,49543,Manager,PO2561
INV2562,V024,2028-04-11,14919,Manager,PO2562
INV2563,V035,2028-04-12,4810,Supervisor,PO2563
INV2564,V042,2028-04-13,31586,Director,PO2564
INV2565,V023,2028-04-14,40974,Manager,
INV2566,V004,2028-04-15,42773,Supervisor,
INV2567,V026,2028-04-16,17371,Supervisor,PO2567
INV2568,V018,2028-04-17,46084,Supervisor,PO2568
INV2569,V013,2028-04-18,30629,Clerk,PO2569
INV2570,V008,2028-04-19,9436,Clerk,PO2570
INV2571,V030,2028-04-20,13984,Clerk,PO2571
INV2571,V030,2028-04-21,34039,Supervisor,PO2572
INV2573,V043,2028-04-22,20895,Supervisor,
INV2574,V014,2028-04-23,19155,Manager,PO2574
INV2575,V042,2028-04-24,11616,Clerk,PO2575
INV2576,V041,2028-04-25,38129,Director,PO2576
INV2577,V039,2028-04-26,40837,Supervisor,PO2577
INV2578,V002,2028-04-27,25574,Director,PO2578
INV2579,V004,2028-04-28,4430,Supervisor,
INV2580,V022,2028-04-29,13676,Clerk,PO2580
INV2581,V016,2028-04-30,11816,Clerk,PO2581
INV2582,V009,2028-05-01,33733,Supervisor,PO2582
INV2583,V037,2028-05-02,21144,Manager,PO2583
INV2584,V014,2028-05-03,3050,Clerk,PO2584
INV2585,V005,2028-05-04,45460,Supervisor,PO2585
INV2586,V049,2028-05-05,34933,Manager,
INV2587,V036,2028-05-06,25951,Supervisor,PO2587
INV2588,V014,2028-05-07,33413,Clerk,PO2588
INV2589,V038,2028-05-08,35801,Director,PO2589
INV2590,V014,2028-05-09,33913,Manager,PO2590
INV2591,V015,2028-05-10,48037,Manager,PO2591
INV2592,V022,2028-05-11,41600,Supervisor,
INV2593,V050,2028-05-12,26280,Manager,PO2593
INV2594,V010,2028-05-13,25557,Supervisor,PO2594
INV2595,V039,2028-05-14,48054,Supervisor,PO2595
INV2596,V001,2028-05-15,36400,Manager,PO2596
INV2597,V018,2028-05-16,5494,Clerk,PO2597
INV2598,V010,2028-05-17,16152,Clerk,PO2598
INV2599,V009,2028-05-18,24895,Clerk,PO2599
INV2600,V035,2028-05-19,10155,Director,PO2600
INV2601,V017,2028-05-20,32883,Supervisor,PO2601
INV2601,V017,2028-05-21,44194,Supervisor,PO2602
INV2603,V008,2028-05-22,44001,Supervisor,PO2603
INV2604,V043,2028-05-23,2828,Clerk,PO2604
INV2605,V002,2028-05-24,46028,Director,PO2605
INV2606,V009,2028-05-25,42898,Supervisor,PO2606
INV2607,V001,2028-05-26,33123,Supervisor,PO2607
INV2608,V023,2028-05-27,38573,Supervisor,PO2608
INV2609,V016,2028-05-28,1806,Manager,PO2609
INV2610,V038,2028-05-29,41970,Supervisor,PO2610
INV2611,V021,2028-05-30,30757,Manager,PO2611
INV2612,V002,2028-05-31,35636,Clerk,PO2612
INV2613,V012,2028-06-01,15561,Clerk,PO2613
INV2614,V017,2028-06-02,49280,Director,
INV2615,V004,2028-06-03,25262,Supervisor,PO2615
INV2616,V009,2028-06-04,15899,Supervisor,PO2616
INV2617,V048,2028-06-05,49988,Supervisor,PO2617
INV2618,V027,2028-06-06,16934,Clerk,PO2618
INV2619,V034,2028-06-07,39197,Director,PO2619
INV2619,V034,2028-06-08,42844,Clerk,PO2620
INV2621,V048,2028-06-09,37332,Clerk,PO2621
INV2622,V005,2028-06-10,35157,Manager,PO2622
INV2623,V031,2028-06-11,12593,Supervisor,PO2623
INV2624,V029,2028-06-12,41042,Supervisor,PO2624
INV2625,V050,2028-06-13,18320,Clerk,
INV2626,V024,2028-06-14,28376,Manager,PO2626
INV2627,V033,2028-06-15,44513,Supervisor,PO2627
INV2628,V038,2028-06-16,15199,Manager,PO2628
INV2629,V007,2028-06-17,16876,Supervisor,PO2629
INV2630,V029,2028-06-18,9245,Director,PO2630
INV2631,V033,2028-06-19,8214,Clerk,PO2631
INV2632,V015,2028-06-20,1726,Manager,PO2632
INV2633,V040,2028-06-21,47600,Supervisor,PO2633
INV2634,V003,2028-06-22,12362,Supervisor,PO2634
INV2635,V047,2028-06-23,19297,Clerk,PO2635
INV2636,V043,2028-06-24,31448,Director,PO2636
INV2637,V034,2028-06-25,27172,Manager,PO2637
INV2638,V020,2028-06-26,43874,Clerk,
INV2639,V030,2028-06-27,8657,Supervisor,PO2639
INV2640,V042,2028-06-28,19850,Supervisor,PO2640
INV2641,V002,2028-06-29,26425,Manager,PO2641
INV2642,V004,2028-06-30,27685,Supervisor,PO2642
INV2643,V031,2028-07-01,48319,Clerk,PO2643
INV2644,V026,2028-07-02,25578,Clerk,PO2644
INV2645,V028,2028-07-03,29831,Manager,PO2645
INV2646,V044,2028-07-04,8906,Supervisor,PO2646
INV2647,V007,2028-07-05,8287,Manager,PO2647
INV2648,V032,2028-07-06,34660,Clerk,PO2648
INV2649,V046,2028-07-07,11222,Manager,
INV2650,V029,2028-07-08,38443,Supervisor,PO2650
INV2651,V005,2028-07-09,35701,Supervisor,PO2651
INV2652,V006,2028-07-10,18764,Supervisor,PO2652
INV2653,V021,2028-07-11,45641,Manager,
INV2654,V039,2028-07-12,18674,Supervisor,PO2654
INV2655,V010,2028-07-13,19024,Clerk,PO2655
INV2656,V005,2028-07-14,47007,Supervisor,PO2656
INV2656,V005,2028-07-15,24874,Director,PO2657
INV2658,V018,2028-07-16,44642,Manager,PO2658
INV2659,V040,2028-07-17,33284,Supervisor,PO2659
INV2660,V041,2028-07-18,18602,Manager,PO2660
INV2661,V038,2028-07-19,38784,Clerk,
INV2662,V036,2028-07-20,24265,Manager,PO2662
INV2662,V036,2028-07-21,26931,Clerk,PO2663
INV2664,V021,2028-07-22,29841,Clerk,PO2664
INV2665,V025,2028-07-23,30192,Supervisor,PO2665
INV2666,V039,2028-07-24,47542,Clerk,PO2666
INV2667,V034,2028-07-25,43520,Supervisor,PO2667
INV2668,V019,2028-07-26,16585,Clerk,PO2668
INV2669,V030,2028-07-27,26559,Manager,PO2669
INV2670,V033,2028-07-28,41059,Supervisor,PO2670
INV2671,V039,2028-07-29,34742,Manager,PO2671
INV2672,V028,2028-07-30,5133,Clerk,PO2672
INV2673,V007,2028-07-31,15663,Supervisor,PO2673
INV2674,V045,2028-08-01,22754,Clerk,PO2674
INV2675,V008,2028-08-02,4972,Manager,PO2675
INV2676,V042,2028-08-03,6295,Clerk,PO2676
INV2677,V042,2028-08-04,47681,Director,PO2677
INV2678,V050,2028-08-05,42873,Supervisor,PO2678
INV2679,V036,2028-08-06,30125,Supervisor,PO2679
INV2680,V047,2028-08-07,41996,Supervisor,PO2680
INV2681,V014,2028-08-08,10903,Manager,PO2681
INV2682,V028,2028-08-09,4020,Clerk,PO2682
INV2683,V029,2028-08-10,42755,Supervisor,PO2683
INV2684,V015,2028-08-11,21420,Manager,PO2684
INV2685,V027,2028-08-12,22452,Manager,PO2685
INV2686,V022,2028-08-13,46648,Manager,PO2686
INV2687,V030,2028-08-14,39001,Clerk,PO2687
INV2688,V026,2028-08-15,10516,Director,PO2688
INV2689,V027,2028-08-16,48327,Manager,PO2689
INV2690,V047,2028-08-17,3396,Clerk,PO2690
INV2691,V007,2028-08-18,19546,Manager,PO2691
INV2692,V021,2028-08-19,20129,Director,PO2692
INV2693,V028,2028-08-20,2591,Manager,PO2693
INV2694,V021,2028-08-21,12303,Clerk,PO2694
INV2695,V043,2028-08-22,31561,Supervisor,PO2695
INV2696,V017,2028-08-23,7183,Supervisor,
INV2697,V024,2028-08-24,27572,Clerk,PO2697
INV2698,V010,2028-08-25,35080,Clerk,PO2698
INV2699,V044,2028-08-26,21695,Clerk,PO2699
INV2700,V031,2028-08-27,8314,Manager,PO2700
INV2701,V005,2028-08-28,20623,Manager,PO2701
INV2702,V006,2028-08-29,3139,Clerk,PO2702
INV2703,V006,2028-08-30,48456,Manager,PO2703
INV2704,V006,2028-08-31,32290,Manager,PO2704
INV2705,V028,2028-09-01,19088,Supervisor,PO2705
INV2706,V007,2028-09-02,40692,Director,PO2706
INV2707,V048,2028-09-03,34130,Supervisor,PO2707
INV2708,V048,2028-09-04,33088,Manager,PO2708
INV2709,V024,2028-09-05,27292,Manager,
INV2710,V009,2028-09-06,47249,Director,PO2710
INV2711,V036,2028-09-07,21670,Manager,PO2711
INV2711,V036,2028-09-08,4738,Manager,PO2712
INV2713,V038,2028-09-09,3469,Clerk,PO2713
INV2714,V036,2028-09-10,23534,Supervisor,PO2714
INV2715,V036,2028-09-11,49874,Supervisor,PO2715
INV2716,V022,2028-09-12,10017,Manager,
INV2717,V043,2028-09-13,3808,Manager,PO2717
INV2718,V008,2028-09-14,48638,Director,PO2718
INV2719,V027,2028-09-15,13713,Manager,
INV2720,V023,2028-09-16,41329,Supervisor,PO2720
INV2721,V043,2028-09-17,3719,Supervisor,PO2721
INV2722,V049,2028-09-18,23890,Supervisor,PO2722
INV2723,V028,2028-09-19,12700,Clerk,PO2723
INV2724,V047,2028-09-20,37509,Manager,PO2724
INV2725,V004,2028-09-21,43534,Clerk,PO2725
INV2726,V019,2028-09-22,37766,Supervisor,PO2726
INV2727,V039,2028-09-23,27705,Director,PO2727
INV2728,V020,2028-09-24,19787,Manager,PO2728
INV2729,V023,2028-09-25,49845,Manager,PO2729
INV2729,V023,2028-09-26,27588,Director,PO2730
INV2731,V037,2028-09-27,27123,Supervisor,PO2731
INV2732,V033,2028-09-28,34062,Supervisor,PO2732
INV2733,V014,2028-09-29,11177,Manager,
INV2734,V010,2028-09-30,22727,Clerk,PO2734
INV2735,V043,2028-10-01,31220,Supervisor,PO2735
INV2736,V031,2028-10-02,10882,Supervisor,PO2736
INV2737,V015,2028-10-03,2136,Clerk,PO2737
INV2738,V007,2028-10-04,35832,Manager,
INV2739,V023,2028-10-05,32966,Clerk,PO2739
INV2740,V036,2028-10-06,8009,Manager,PO2740
INV2741,V024,2028-10-07,13987,Clerk,PO2741
INV2742,V008,2028-10-08,38311,Director,PO2742
INV2743,V049,2028-10-09,32575,Clerk,PO2743
INV2744,V018,2028-10-10,2007,Supervisor,
INV2745,V037,2028-10-11,6445,Manager,PO2745
INV2746,V015,2028-10-12,11706,Supervisor,PO2746
INV2747,V028,2028-10-13,48517,Director,PO2747
INV2748,V036,2028-10-14,45486,Manager,
INV2749,V050,2028-10-15,30257,Manager,PO2749
INV2750,V040,2028-10-16,22736,Clerk,PO2750
INV2751,V040,2028-10-17,43207,Manager,PO2751
INV2752,V044,2028-10-18,14281,Supervisor,PO2752
INV2753,V042,2028-10-19,2435,Director,PO2753
INV2754,V036,2028-10-20,34339,Clerk,PO2754
INV2755,V002,2028-10-21,36150,Manager,PO2755
INV2756,V039,2028-10-22,26821,Clerk,PO2756
INV2757,V043,2028-10-23,27660,Supervisor,PO2757
INV2758,V045,2028-10-24,6084,Manager,PO2758
INV2759,V018,2028-10-25,17661,Clerk,PO2759
INV2760,V002,2028-10-26,14507,Supervisor,PO2760
INV2761,V012,2028-10-27,8059,Supervisor,PO2761
INV2762,V018,2028-10-28,19271,Manager,
INV2763,V045,2028-10-29,46539,Supervisor,PO2763
INV2764,V049,2028-10-30,8491,Manager,PO2764
INV2765,V020,2028-10-31,48295,Manager,PO2765
INV2766,V022,2028-11-01,15859,Supervisor,PO2766
INV2767,V023,2028-11-02,9073,Supervisor,PO2767
INV2768,V001,2028-11-03,10077,Manager,PO2768
INV2769,V012,2028-11-04,21953,Manager,PO2769
INV2770,V010,2028-11-05,12383,Manager,PO2770
INV2771,V037,2028-11-06,3353,Manager,PO2771
INV2772,V043,2028-11-07,24821,Manager,
INV2773,V026,2028-11-08,38567,Manager,PO2773
INV2774,V005,2028-11-09,25860,Clerk,PO2774
INV2775,V010,2028-11-10,22195,Supervisor,
INV2776,V048,2028-11-11,12939,Supervisor,PO2776
INV2777,V041,2028-11-12,26338,Supervisor,PO2777
INV2778,V002,2028-11-13,22730,Manager,PO2778
INV2779,V006,2028-11-14,22427,Director,PO2779
INV2780,V048,2028-11-15,36196,Supervisor,PO2780
INV2781,V034,2028-11-16,28083,Supervisor,
INV2782,V014,2028-11-17,22510,Supervisor,PO2782
INV2783,V025,2028-11-18,45064,Director,PO2783
INV2784,V027,2028-11-19,8813,Clerk,PO2784
INV2785,V030,2028-11-20,32598,Manager,PO2785
INV2786,V022,2028-11-21,48182,Supervisor,PO2786
INV2787,V011,2028-11-22,28570,Supervisor,PO2787
INV2788,V024,2028-11-23,28082,Supervisor,PO2788
INV2788,V024,2028-11-24,30241,Clerk,PO2789
INV2790,V047,2028-11-25,31678,Manager,PO2790
INV2791,V021,2028-11-26,45569,Clerk,
INV2791,V021,2028-11-27,12745,Director,PO2792
INV2793,V037,2028-11-28,27029,Clerk,PO2793
INV2793,V037,2028-11-29,14025,Clerk,
INV2794,V039,2028-11-30,37124,Manager,PO2795
INV2796,V004,2028-12-01,15288,Clerk,PO2796
INV2797,V010,2028-12-02,24650,Supervisor,PO2797
INV2798,V011,2028-12-03,7540,Supervisor,PO2798
INV2799,V049,2028-12-04,33232,Supervisor,PO2799
INV2800,V040,2028-12-05,17422,Clerk,PO2800
INV2801,V004,2028-12-06,4342,Supervisor,PO2801
INV2802,V044,2028-12-07,42846,Manager,PO2802
INV2803,V006,2028-12-08,36612,Supervisor,PO2803
INV2804,V018,2028-12-09,11396,Clerk,PO2804
INV2805,V029,2028-12-10,18482,Clerk,PO2805
INV2806,V043,2028-12-11,24411,Supervisor,PO2806
INV2807,V028,2028-12-12,47766,Director,PO2807
INV2808,V032,2028-12-13,14261,Manager,
INV2809,V039,2028-12-14,4093,Supervisor,PO2809
INV2810,V029,2028-12-15,12722,Manager,PO2810
INV2811,V027,2028-12-16,23042,Clerk,PO2811
INV2812,V018,2028-12-17,45413,Manager,PO2812
INV2813,V014,2028-12-18,48851,Clerk,PO2813
INV2814,V049,2028-12-19,29087,Clerk,PO2814
INV2815,V033,2028-12-20,33347,Manager,PO2815
INV2816,V008,2028-12-21,34756,Clerk,PO2816
INV2817,V023,2028-12-22,40214,Director,PO2817
INV2818,V028,2028-12-23,17335,Manager,PO2818
INV2819,V008,2028-12-24,29602,Supervisor,PO2819
INV2820,V019,2028-12-25,49901,Clerk,PO2820
INV2821,V044,2028-12-26,35450,Supervisor,PO2821
INV2821,V044,2028-12-27,33196,Manager,PO2822
INV2823,V038,2028-12-28,6626,Manager,PO2823
INV2824,V032,2028-12-29,8424,Manager,PO2824
INV2825,V034,2028-12-30,13857,Manager,PO2825
INV2826,V043,2028-12-31,45923,Manager,PO2826
INV2826,V043,2029-01-01,20982,Supervisor,PO2827
INV2828,V003,2029-01-02,12425,Supervisor,PO2828
INV2829,V015,2029-01-03,2980,Supervisor,PO2829
INV2830,V026,2029-01-04,49290,Supervisor,PO2830
INV2831,V039,2029-01-05,27431,Manager,PO2831
INV2832,V004,2029-01-06,20440,Manager,
INV2833,V001,2029-01-07,42752,Clerk,PO2833
INV2834,V014,2029-01-08,18175,Manager,PO2834
INV2835,V020,2029-01-09,49651,Clerk,PO2835
INV2836,V014,2029-01-10,27385,Clerk,PO2836
INV2837,V050,2029-01-11,39158,Clerk,PO2837
INV2838,V009,2029-01-12,24019,Clerk,PO2838
INV2839,V049,2029-01-13,19639,Supervisor,PO2839
INV2840,V017,2029-01-14,20994,Supervisor,PO2840
INV2841,V019,2029-01-15,35375,Clerk,PO2841
INV2842,V021,2029-01-16,22563,Director,PO2842
INV2843,V008,2029-01-17,40341,Director,PO2843
INV2844,V001,2029-01-18,6776,Clerk,PO2844
INV2845,V032,2029-01-19,37444,Clerk,PO2845
INV2846,V048,2029-01-20,4380,Clerk,PO2846
INV2847,V028,2029-01-21,9711,Director,PO2847
INV2848,V012,2029-01-22,9782,Supervisor,PO2848
INV2849,V009,2029-01-23,18434,Manager,PO2849
INV2850,V025,2029-01-24,47765,Clerk,PO2850
INV2851,V035,2029-01-25,21017,Clerk,PO2851
INV2852,V046,2029-01-26,31707,Clerk,PO2852
INV2853,V015,2029-01-27,40110,Manager,PO2853
INV2854,V033,2029-01-28,18343,Supervisor,PO2854
INV2855,V036,2029-01-29,39827,Supervisor,PO2855
INV2856,V043,2029-01-30,42652,Supervisor,PO2856
INV2857,V023,2029-01-31,6655,Supervisor,PO2857
INV2858,V005,2029-02-01,45859,Supervisor,
INV2859,V026,2029-02-02,16251,Clerk,PO2859
INV2860,V048,2029-02-03,1526,Supervisor,PO2860
INV2861,V003,2029-02-04,4224,Manager,PO2861
INV2862,V028,2029-02-05,48837,Supervisor,PO2862
INV2863,V002,2029-02-06,12536,Manager,
INV2864,V030,2029-02-07,29541,Supervisor,PO2864
INV2865,V005,2029-02-08,14547,Manager,PO2865
INV2866,V021,2029-02-09,35531,Manager,PO2866
INV2867,V037,2029-02-10,9712,Manager,PO2867
INV2868,V028,2029-02-11,39565,Manager,PO2868
INV2869,V037,2029-02-12,10208,Supervisor,PO2869
INV2870,V026,2029-02-13,6109,Supervisor,
INV2871,V046,2029-02-14,36201,Clerk,PO2871
INV2872,V041,2029-02-15,17967,Manager,PO2872
INV2873,V027,2029-02-16,30759,Manager,PO2873
INV2874,V019,2029-02-17,21172,Manager,PO2874
INV2875,V008,2029-02-18,37935,Manager,PO2875
INV2876,V026,2029-02-19,27589,Supervisor,
INV2877,V002,2029-02-20,31015,Manager,PO2877
INV2878,V021,2029-02-21,30009,Clerk,PO2878
INV2879,V011,2029-02-22,18773,Manager,PO2879
INV2880,V040,2029-02-23,42125,Manager,PO2880
INV2881,V030,2029-02-24,27143,Clerk,PO2881
INV2882,V045,2029-02-25,7154,Supervisor,PO2882
INV2883,V024,2029-02-26,22804,Manager,PO2883
INV2884,V006,2029-02-27,42688,Manager,PO2884
INV2885,V028,2029-02-28,21581,Clerk,PO2885
INV2886,V007,2029-03-01,31087,Manager,PO2886
INV2887,V016,2029-03-02,33981,Manager,PO2887
INV2888,V028,2029-03-03,4762,Director,PO2888
INV2889,V038,2029-03-04,47167,Supervisor,PO2889
INV2890,V026,2029-03-05,10768,Clerk,PO2890
INV2891,V034,2029-03-06,44408,Clerk,PO2891
INV2892,V006,2029-03-07,40499,Clerk,PO2892
INV2893,V026,2029-03-08,39559,Clerk,PO2893
INV2894,V020,2029-03-09,49590,Supervisor,PO2894
INV2895,V048,2029-03-10,9783,Supervisor,PO2895
INV2896,V022,2029-03-11,47389,Manager,PO2896
INV2896,V022,2029-03-12,30781,Clerk,PO2897
INV2898,V022,2029-03-13,31811,Clerk,PO2898
INV2899,V050,2029-03-14,49787,Supervisor,
INV2900,V011,2029-03-15,36488,Supervisor,PO2900
INV2901,V005,2029-03-16,9905,Clerk,PO2901
INV2902,V033,2029-03-17,10127,Manager,PO2902
INV2903,V041,2029-03-18,23431,Supervisor,PO2903
INV2904,V008,2029-03-19,7368,Manager,PO2904
INV2905,V034,2029-03-20,28424,Clerk,PO2905
INV2906,V033,2029-03-21,47824,Manager,PO2906
INV2907,V013,2029-03-22,46004,Supervisor,PO2907
INV2908,V050,2029-03-23,19333,Manager,PO2908
INV2909,V023,2029-03-24,24116,Clerk,PO2909
INV2909,V023,2029-03-25,48219,Supervisor,PO2910
INV2911,V047,2029-03-26,44201,Manager,PO2911
INV2912,V042,2029-03-27,16525,Clerk,
INV2913,V010,2029-03-28,24398,Clerk,PO2913
INV2914,V016,2029-03-29,33857,Manager,PO2914
INV2915,V007,2029-03-30,11361,Supervisor,PO2915
INV2916,V010,2029-03-31,17369,Manager,PO2916
INV2917,V017,2029-04-01,4041,Clerk,PO2917
INV2918,V013,2029-04-02,1105,Clerk,PO2918
INV2919,V012,2029-04-03,10078,Supervisor,PO2919
INV2920,V039,2029-04-04,26003,Supervisor,PO2920
INV2921,V010,2029-04-05,7090,Manager,PO2921
INV2922,V049,2029-04-06,39850,Manager,PO2922
INV2922,V049,2029-04-07,2925,Supervisor,PO2923
INV2924,V042,2029-04-08,19440,Clerk,PO2924
INV2925,V005,2029-04-09,40685,Supervisor,PO2925
INV2926,V012,2029-04-10,27015,Supervisor,PO2926
INV2927,V050,2029-04-11,34320,Supervisor,PO2927
INV2928,V041,2029-04-12,26291,Clerk,PO2928
INV2929,V032,2029-04-13,37679,Clerk,PO2929
INV2930,V030,2029-04-14,27289,Supervisor,PO2930
INV2931,V049,2029-04-15,4389,Clerk,PO2931
INV2932,V037,2029-04-16,26683,Manager,PO2932
INV2933,V049,2029-04-17,14629,Supervisor,
INV2934,V038,2029-04-18,25826,Supervisor,PO2934
INV2935,V029,2029-04-19,36198,Clerk,PO2935
INV2935,V029,2029-04-20,27630,Manager,
INV2937,V037,2029-04-21,34226,Clerk,PO2937
INV2938,V042,2029-04-22,47163,Supervisor,PO2938
INV2939,V041,2029-04-23,33975,Director,PO2939
INV2940,V040,2029-04-24,1899,Manager,
INV2941,V021,2029-04-25,12653,Manager,PO2941
INV2942,V041,2029-04-26,28961,Supervisor,PO2942
INV2943,V021,2029-04-27,17405,Clerk,PO2943
INV2944,V010,2029-04-28,9601,Clerk,PO2944
INV2945,V029,2029-04-29,34662,Director,PO2945
INV2946,V005,2029-04-30,34282,Manager,PO2946
INV2947,V031,2029-05-01,22288,Supervisor,PO2947
INV2948,V029,2029-05-02,30545,Manager,PO2948
INV2949,V041,2029-05-03,37877,Clerk,PO2949
INV2950,V020,2029-05-04,47026,Supervisor,PO2950
INV2951,V018,2029-05-05,16313,Clerk,PO2951
INV2952,V038,2029-05-06,16349,Director,PO2952
INV2953,V004,2029-05-07,8179,Clerk,PO2953
INV2954,V023,2029-05-08,11326,Clerk,PO2954
INV2955,V033,2029-05-09,45555,Manager,PO2955
INV2956,V005,2029-05-10,2560,Clerk,PO2956
INV2957,V020,2029-05-11,14612,Clerk,PO2957
INV2958,V030,2029-05-12,18650,Manager,PO2958
INV2959,V029,2029-05-13,27745,Clerk,PO2959
INV2960,V003,2029-05-14,32890,Clerk,PO2960
INV2961,V004,2029-05-15,21022,Supervisor,PO2961
INV2962,V024,2029-05-16,5780,Supervisor,PO2962
INV2963,V019,2029-05-17,19311,Supervisor,
INV2964,V005,2029-05-18,29380,Manager,PO2964
INV2965,V042,2029-05-19,45662,Manager,PO2965
INV2966,V006,2029-05-20,3356,Supervisor,PO2966
INV2966,V006,2029-05-21,5790,Clerk,PO2967
INV2968,V039,2029-05-22,27911,Manager,PO2968
INV2969,V033,2029-05-23,25363,Supervisor,PO2969
INV2970,V025,2029-05-24,21049,Supervisor,PO2970
INV2971,V030,2029-05-25,11181,Clerk,PO2971
INV2972,V038,2029-05-26,40825,Manager,PO2972
INV2973,V036,2029-05-27,17082,Supervisor,PO2973
INV2974,V048,2029-05-28,1661,Clerk,PO2974
INV2975,V003,2029-05-29,38412,Supervisor,PO2975
INV2976,V029,2029-05-30,49479,Supervisor,PO2976
INV2976,V029,2029-05-31,3920,Supervisor,PO2977
INV2978,V042,2029-06-01,26658,Clerk,PO2978
INV2979,V013,2029-06-02,49770,Manager,PO2979
INV2980,V021,2029-06-03,15025,Supervisor,PO2980
INV2981,V039,2029-06-04,9946,Supervisor,PO2981
INV2982,V031,2029-06-05,29706,Supervisor,PO2982
INV2983,V033,2029-06-06,46500,Manager,PO2983
INV2984,V010,2029-06-07,40004,Manager,PO2984
INV2984,V010,2029-06-08,17309,Supervisor,
INV2986,V029,2029-06-09,47286,Supervisor,PO2986
INV2987,V007,2029-06-10,34120,Director,PO2987
INV2988,V022,2029-06-11,31027,Supervisor,PO2988
INV2989,V046,2029-06-12,8005,Clerk,PO2989
INV2990,V006,2029-06-13,47804,Supervisor,PO2990
INV2991,V033,2029-06-14,1956,Supervisor,PO2991
INV2992,V042,2029-06-15,35839,Clerk,PO2992
INV2993,V012,2029-06-16,9595,Supervisor,PO2993
INV2994,V003,2029-06-17,48908,Manager,PO2994
INV2995,V016,2029-06-18,13803,Clerk,PO2995
INV2996,V046,2029-06-19,26963,Supervisor,PO2996
INV2997,V029,2029-06-20,37221,Manager,PO2997
INV2998,V029,2029-06-21,40443,Manager,PO2998
INV2999,V034,2029-06-22,34723,Clerk,PO2999
