house_id,size_sqft,bedrooms,location_score,price
1,1360,5,6.67,377451
2,4272,5,8.72,814285
3,3592,2,8.05,685008
4,966,4,4.86,284151
5,4926,1,2.81,777732
6,3944,1,5.63,620371
7,3671,1,7.63,653438
8,3419,2,4.93,619420
9,630,2,7.0,175134
10,2185,3,1.85,397388
11,1269,1,7.73,303764
12,2891,4,8.31,549622
13,2933,4,7.36,574084
14,1684,1,9.71,381007
15,3885,1,8.44,720300
16,4617,1,9.13,869423
17,3404,2,9.4,703359
18,974,2,8.21,272513
19,1582,2,7.07,333473
20,3058,5,1.05,596893
21,2547,4,5.19,497642
22,3247,4,6.14,605587
23,1475,3,3.74,309492
24,2306,2,3.86,411579
25,689,5,9.65,312228
26,3234,5,9.03,657327
27,3505,4,8.64,694703
28,2399,2,4.65,494198
29,1767,3,1.12,339914
30,2028,2,1.72,406902
31,3702,1,3.81,649461
32,4056,2,1.14,677561
33,4390,1,1.15,679375
34,1146,1,9.25,315615
35,3388,3,7.36,634300
36,2935,4,3.78,557989
37,1100,2,2.19,236805
38,2863,1,5.6,505288
39,2561,2,1.05,413041
40,741,4,9.45,239837
41,2541,4,4.73,537223
42,3324,5,4.62,661910
43,3112,4,4.52,540381
44,1863,3,1.62,333246
45,1978,1,6.74,389471
46,3056,5,7.6,647677
47,1275,3,7.09,276596
48,4514,2,2.25,736922
49,534,1,6.21,178389
50,3652,4,6.13,678554
51,2455,1,8.82,484124
52,2085,2,4.41,382223
53,4443,5,4.34,837125
54,3573,5,6.57,677671
55,1521,5,6.7,360887
56,3961,4,5.22,727217
57,3113,3,4.99,533844
58,4343,3,5.45,702796
59,2000,1,8.75,440012
60,661,4,5.15,201123
61,4797,5,9.46,874140
62,2481,5,5.54,503197
63,1495,2,9.54,333950
64,3842,2,8.5,697036
65,4298,5,4.26,754495
66,1775,5,8.77,468895
67,1516,4,1.99,346687
68,837,3,9.33,240600
69,1378,2,6.68,294957
70,1576,3,1.49,295608
71,4493,4,6.8,816999
72,879,5,9.77,362030
73,992,3,1.63,259309
74,2562,5,5.99,619166
75,4384,5,7.73,766818
76,564,1,8.29,159771
77,3068,3,4.72,621820
78,2527,3,2.84,413428
79,3195,5,1.38,646787
80,1995,4,6.22,445870
81,891,1,5.08,209973
82,4974,5,9.54,903106
83,4061,2,1.55,651115
84,2778,2,7.17,580821
85,3599,1,1.22,570619
86,700,4,2.54,197065
87,3604,5,5.08,703571
88,2954,3,5.09,548233
89,4145,1,7.17,723804
90,1304,4,9.19,342007
91,3231,3,6.75,609835
92,3273,2,9.58,607517
93,2070,2,8.93,385681
94,3190,3,6.26,615558
95,4340,1,8.5,718986
96,1528,2,6.78,332057
97,1002,5,1.71,295182
98,4993,3,7.67,840715
99,1370,3,1.85,302140
100,4988,2,6.35,842705
101,706,1,7.32,170104
102,1984,5,1.6,474287
103,1363,1,3.08,255233
104,3290,4,9.24,648857
105,1063,4,6.55,281543
106,4691,2,3.22,802284
107,2257,2,7.22,432388
108,2178,2,6.37,453095
109,3742,4,5.51,696325
110,1559,1,9.79,385235
111,2222,1,7.15,393523
112,3814,2,4.38,628808
113,3657,5,8.2,722119
114,3125,1,8.96,572408
115,3229,4,2.13,575013
116,2097,3,2.8,481493
117,3560,3,2.95,685397
118,3193,3,7.22,620121
119,4127,5,6.43,795859
120,1863,2,6.57,378057
121,2481,4,9.47,515355
122,2163,5,7.98,498787
123,2029,4,2.15,428983
124,2538,4,4.13,541168
125,3802,2,4.92,689371
126,2737,3,4.56,470856
127,1806,2,7.02,372423
128,4529,5,9.03,825583
129,3175,5,3.75,648815
130,1782,5,5.97,414628
131,1209,2,8.1,300936
132,4913,4,4.75,878851
133,4248,4,2.51,825284
134,1163,1,5.27,255198
135,2498,5,1.5,482551
136,3945,4,9.48,729318
137,4243,1,1.67,716909
138,1995,4,4.95,423300
139,3804,5,5.77,778014
140,4263,3,9.87,831318
141,2353,5,2.49,463961
142,1791,2,2.03,287181
143,4081,4,1.08,711127
144,3957,4,2.4,679102
145,2136,2,2.87,390280
146,4196,2,6.68,767671
147,3499,3,2.98,565042
148,3652,4,1.18,647538
149,1198,4,8.44,366887
150,2660,3,4.29,526143
151,4597,1,4.18,710443
152,1354,3,3.72,312880
153,3974,5,9.78,830006
154,2207,4,2.53,446647
155,3277,2,9.08,618879
156,2233,5,7.99,549038
157,4010,4,1.69,677570
158,702,3,9.88,218205
159,3755,5,3.44,691632
160,4718,4,1.89,822651
161,4996,1,8.46,885168
162,1266,1,7.36,299415
163,4889,2,6.55,863924
164,2827,4,2.4,559409
165,3431,1,5.31,577568
166,697,3,8.03,240411
167,2430,4,3.73,520415
168,4082,3,3.81,674095
169,1108,3,1.03,249373
170,3772,1,2.57,589998
171,1647,4,8.88,448857
172,4782,5,4.98,866561
173,3897,1,9.86,703377
174,3011,1,4.56,569116
175,2294,4,7.44,466218
176,1159,4,3.54,295724
177,3311,3,4.27,593946
178,1869,4,2.72,403522
179,2486,3,4.12,531979
180,646,1,5.93,158042
181,3719,2,9.93,661228
182,3411,5,6.98,657170
183,2234,1,2.79,376015
184,2343,4,1.4,447376
185,988,5,2.14,273035
186,3476,2,6.06,676079
187,2459,2,7.89,536495
188,2885,3,9.46,626438
189,3419,5,1.14,699683
190,2302,3,5.7,487022
191,4561,1,5.24,789800
192,3869,5,6.9,773493
193,762,1,6.04,213927
194,1123,3,7.18,312081
195,1516,5,6.92,384694
196,4143,3,2.05,664546
197,2549,5,8.2,560430
198,4223,3,2.11,731523
199,3608,2,7.29,656267
200,4590,3,4.75,764039
201,2556,2,5.62,474623
202,3670,3,9.13,695259
203,2182,5,9.01,515529
204,2755,5,8.36,611577
205,1654,5,5.59,425187
206,4999,4,7.63,891148
207,3691,1,5.62,659283
208,2196,5,8.83,551649
209,4491,2,4.62,769459
210,2148,5,9.73,539442
211,1945,4,9.39,495176
212,4699,2,7.67,788620
213,4423,4,3.51,810191
214,753,2,2.18,151048
215,3683,3,8.69,678568
216,3057,1,2.49,509338
217,598,1,8.69,132278
218,2700,4,5.42,544468
219,3461,1,4.66,615203
220,4933,4,9.13,861872
221,4277,4,6.43,818520
222,3369,4,6.19,626286
223,3734,1,6.03,646605
224,4291,4,4.34,750442
225,1456,1,8.07,336287
226,4567,4,3.28,828598
227,660,5,9.45,312910
228,4993,4,9.05,919330
229,1800,2,4.04,336124
230,4487,4,7.57,826670
231,2027,3,6.16,445329
232,1718,4,4.04,398807
233,4996,2,9.9,904924
234,3604,2,1.23,554422
235,3235,1,3.27,537259
236,1454,5,5.68,355897
237,3946,4,5.7,748847
238,1545,1,6.3,291800
239,2193,5,7.77,520211
240,3936,4,6.61,728034
241,1062,3,6.4,226927
242,2985,4,1.48,570478
243,3854,2,4.39,661241
244,725,2,3.09,217929
245,1459,3,3.39,262790
246,3567,1,5.99,606204
247,1315,5,2.8,318757
248,3620,4,3.65,667606
249,516,2,3.13,108944
250,1743,1,9.54,393171
251,2705,3,9.5,618099
252,3024,2,6.49,572736
253,1569,3,9.32,391336
254,3944,4,8.07,710976
255,3065,5,6.31,599622
256,1560,2,1.06,282924
257,2827,2,7.95,527656
258,3920,4,7.32,771987
259,801,1,6.54,221561
260,4776,5,7.84,975571
261,1106,2,5.62,232674
262,3670,5,7.34,724893
263,1199,2,9.42,272545
264,1639,5,4.38,322976
265,690,3,7.37,258881
266,2800,2,5.28,527698
267,1480,5,7.07,367062
268,3475,1,7.87,622740
269,1684,3,1.41,307821
270,3827,3,6.82,687423
271,3894,1,3.04,624891
272,627,5,7.03,237453
273,2565,4,5.21,495350
274,2316,1,7.96,426346
275,1069,5,2.11,294136
276,2395,1,6.64,362423
277,3233,1,3.51,533221
278,4363,2,8.68,748619
279,4514,5,9.36,839153
280,3401,4,9.97,674080
281,2186,2,8.16,449069
282,3509,1,7.78,617717
283,654,1,2.94,115578
284,3037,1,4.02,537400
285,1909,5,5.19,411171
286,4557,5,7.96,841108
287,1284,2,9.23,333434
288,3675,4,2.7,667861
289,4841,2,9.3,840799
290,3306,3,7.26,540415
291,1037,1,6.5,213985
292,2341,1,2.8,404006
293,2955,1,1.5,498908
294,1024,2,6.12,252421
295,3450,2,6.86,611730
296,4631,1,2.9,812446
297,4615,2,6.01,781175
298,2868,5,8.71,635666
299,4347,5,8.52,797198
300,4995,2,9.35,850044
301,3201,1,4.29,562469
302,1471,2,3.86,330586
303,1666,2,7.74,355608
304,3274,2,4.88,524440
305,2482,3,1.79,445173
306,1353,5,3.55,344132
307,4646,4,4.77,827564
308,4236,4,3.63,734798
309,4269,3,3.99,735663
310,1074,2,3.64,215006
311,3761,3,1.37,604494
312,1648,3,6.73,397170
313,2215,1,6.38,418983
314,4354,5,6.88,817379
315,2991,4,2.73,540735
316,3160,2,3.66,545194
317,3624,4,6.58,694209
318,3551,4,6.4,728510
319,504,5,5.56,250836
320,1376,4,4.15,307910
321,1491,4,9.22,376177
322,4642,3,4.06,772549
323,4864,5,5.1,874584
324,4965,1,7.1,811376
325,1135,2,5.89,283394
326,2193,4,4.12,370844
327,2182,2,4.92,432555
328,619,1,8.15,202611
329,1330,2,3.5,312382
330,4175,1,2.28,695353
331,1869,3,3.82,358039
332,1240,4,8.65,375428
333,616,1,1.8,125357
334,3338,2,9.93,581970
335,1650,4,5.87,390964
336,2431,3,9.86,504522
337,1512,4,9.45,401306
338,2164,1,5.08,444943
339,1581,3,2.79,331793
340,1012,2,2.48,186079
341,3349,3,3.16,622882
342,1059,3,7.39,303626
343,4172,5,3.46,726345
344,3843,3,4.07,628962
345,4570,3,5.04,766579
346,1970,4,9.22,492789
347,1080,2,2.7,219951
348,2794,4,1.05,512034
349,3647,4,1.54,602294
350,4749,1,9.14,849646
351,2179,4,6.83,414694
352,4006,5,3.46,715838
353,3244,5,2.59,625053
354,3856,1,3.65,601221
355,4545,2,2.03,760473
356,1743,2,9.47,370074
357,3618,4,8.06,666517
358,2641,4,5.16,566344
359,3559,4,8.78,706267
360,3459,2,3.25,606921
361,2765,3,7.45,579796
362,2979,5,8.71,555371
363,2135,3,4.21,441393
364,2257,3,7.82,453919
365,4952,2,3.66,800521
366,2570,3,3.69,495523
367,3349,1,1.96,531058
368,3751,4,4.96,710085
369,4230,1,7.57,728974
370,2989,5,9.46,647996
371,2131,4,6.43,449243
372,3316,3,8.77,613152
373,1515,5,8.4,389040
374,1848,4,2.56,379715
375,3587,3,5.37,706867
376,3339,1,2.05,585507
377,835,4,7.14,257051
378,1395,3,9.55,366557
379,4046,1,2.23,640568
380,1351,5,7.6,382557
381,2187,5,6.69,502717
382,2431,5,6.25,542975
383,4246,5,4.51,694965
384,2927,2,4.2,532044
385,2068,4,1.41,392332
386,4500,4,2.96,763451
387,3238,2,1.14,560927
388,3998,3,6.23,766004
389,4413,3,1.95,762120
390,1566,5,8.86,407943
391,4880,1,5.71,776819
392,2944,3,7.3,484412
393,4607,1,4.7,763525
394,3873,4,6.05,738820
395,4469,1,9.48,782094
396,3046,4,1.74,582312
397,1253,2,3.29,221244
398,2582,2,8.02,502362
399,3274,5,1.89,602490
400,3396,3,1.68,582896
401,4685,5,4.25,880287
402,1275,4,1.83,286404
403,2125,5,6.27,472606
404,3569,1,3.04,557649
405,917,4,9.06,348007
406,614,2,8.05,169664
407,1116,3,7.3,283810
408,4474,4,6.55,867418
409,3767,4,8.77,746797
410,1325,1,3.01,248244
411,2016,3,8.86,451650
412,3646,2,8.11,639608
413,912,4,7.73,292044
414,1228,4,6.05,314204
415,3848,1,3.22,634788
416,3308,5,4.81,599112
417,1175,2,8.14,309585
418,3965,3,1.29,698148
419,3004,4,8.04,604885
420,3467,4,3.16,651062
421,3286,2,2.3,565210
422,1622,5,2.04,345467
423,4579,4,1.25,747594
424,2071,2,5.71,380198
425,2643,1,2.96,454836
426,2187,5,9.9,525365
427,4632,3,6.17,854752
428,4351,4,2.24,778776
429,3940,2,7.2,726663
430,4266,1,9.08,758592
431,2826,3,7.71,532134
432,3414,2,1.69,578760
433,4452,2,9.06,800315
434,1095,3,8.15,271598
435,1228,1,2.42,264698
436,1865,1,1.47,347518
437,4992,5,6.02,874675
438,1198,4,2.4,264566
439,895,3,8.51,262851
440,4671,3,4.23,821245
441,4860,3,9.22,896041
442,3002,1,6.09,532532
443,2319,4,2.64,462465
444,1217,5,2.26,266521
445,3282,2,6.19,605640
446,4077,2,7.86,727123
447,643,3,8.03,216378
448,3640,4,3.48,614824
449,4991,1,2.84,797858
450,3438,4,1.15,617908
451,4136,4,7.11,720425
452,3722,1,1.69,595754
453,1667,3,4.79,361617
454,3116,4,6.42,594973
455,1562,2,9.43,379995
456,2656,1,3.81,452520
457,3482,5,3.25,663295
458,3794,3,6.89,714027
459,1656,1,6.57,350144
460,1232,5,3.99,355204
461,4830,5,9.35,928149
462,1453,4,8.6,369638
463,3039,4,3.02,546616
464,3824,4,3.15,653200
465,3801,1,5.61,650785
466,2042,1,7.96,445539
467,1691,3,1.4,316896
468,3493,4,7.24,689838
469,3181,5,6.83,622881
470,1717,2,3.08,334194
471,2040,3,7.13,475080
472,3736,1,9.46,695587
473,2886,3,1.42,459975
474,4219,3,3.88,748770
475,1888,3,4.94,411086
476,2356,3,9.09,509504
477,1865,2,9.66,436375
478,999,4,5.0,254844
479,2180,5,7.75,506397
480,1010,3,5.78,302605
481,4812,3,5.84,870798
482,1824,3,3.5,385041
483,1655,4,2.95,331260
484,2327,1,3.59,373736
485,3641,1,6.01,629686
486,3986,2,1.26,655923
487,2310,1,9.17,455188
488,3423,3,2.41,573406
489,2714,3,2.98,510008
490,4686,3,5.66,822804
491,1213,2,7.39,304544
492,4102,3,1.86,711703
493,4634,1,3.86,745490
494,4022,4,9.72,765837
495,4768,4,3.36,862026
496,1743,5,3.82,376929
497,4209,1,8.53,722574
498,1581,3,1.45,348677
499,955,4,5.18,258639
500,1394,1,4.42,270341
501,1884,4,3.85,388740
502,2458,3,3.57,410903
503,3572,4,1.82,630300
504,2496,5,3.83,482381
505,4785,5,1.39,839287
506,1004,4,8.03,344069
507,1714,1,4.58,256474
508,2031,1,5.0,362442
509,3940,1,9.04,714969
510,1323,4,6.92,282149
511,1428,1,1.07,284987
512,633,3,9.49,261246
513,2605,5,3.13,554546
514,4127,3,1.97,681831
515,2352,1,7.91,438600
516,4675,3,5.5,811421
517,3433,1,4.9,648096
518,3784,4,3.25,719643
519,4798,3,5.93,842970
520,3311,4,3.47,618982
521,1750,4,9.11,452647
522,4012,2,2.94,742946
523,1756,1,8.96,384481
524,3876,5,6.03,743078
525,3986,1,8.46,692342
526,4084,5,7.42,793847
527,1896,1,7.27,359489
528,4137,4,3.92,754632
529,3830,3,3.11,622622
530,3203,3,2.9,561634
531,970,2,8.71,294638
532,1853,5,8.38,472823
533,3283,5,4.97,628271
534,3331,5,2.19,614589
535,857,4,4.44,284010
536,3519,5,6.57,657237
537,1167,3,5.09,249812
538,4968,4,8.02,877510
539,1645,1,9.98,366229
540,4685,5,2.72,789247
541,4219,5,5.14,812840
542,3245,1,4.88,527821
543,1039,5,3.74,299980
544,3279,1,2.78,522277
545,4636,4,1.59,789335
546,4275,3,8.98,742949
547,3008,1,4.78,549039
548,3279,2,5.47,557705
549,1424,1,9.25,294113
550,3456,5,7.99,769670
551,2081,4,2.17,430479
552,3824,4,6.09,743372
553,4985,1,4.98,831316
554,755,3,8.17,241375
555,2338,2,7.52,426694
556,2444,4,7.21,509735
557,509,5,4.06,187605
558,3371,5,8.24,660506
559,1297,3,1.47,221754
560,1515,4,2.44,335084
561,2324,1,4.02,456002
562,4969,5,1.69,878994
563,3636,3,3.11,633326
564,2693,4,8.47,567432
565,723,4,9.53,192316
566,4658,4,3.74,803384
567,4425,4,3.38,734749
568,4500,4,3.52,794232
569,2133,5,3.5,447150
570,2652,3,1.32,444920
571,1010,4,9.34,328256
572,884,2,2.92,204898
573,904,2,4.78,268958
574,2500,3,1.09,466492
575,3256,1,8.72,602109
576,2168,1,7.58,392574
577,1960,1,9.52,376996
578,4136,2,8.03,758665
579,3224,1,3.82,535797
580,4678,5,3.23,841480
581,2548,4,7.28,564340
582,4646,2,4.28,734305
583,1216,3,6.1,345311
584,2323,3,1.06,448131
585,2581,4,1.56,421116
586,3919,2,5.82,756642
587,2074,1,6.09,401641
588,749,1,7.76,195593
589,1173,5,2.19,313421
590,2665,5,5.62,526625
591,1270,1,2.75,254383
592,4462,3,1.84,723895
593,4863,3,4.69,896960
594,2484,5,2.47,499103
595,1577,4,3.0,366044
596,735,1,3.86,145268
597,888,5,3.33,290994
598,3537,5,1.79,648072
599,2348,1,1.81,347944
600,3314,1,2.74,537337
601,3874,3,1.46,713633
602,3778,4,6.64,738869
603,1752,4,3.59,367330
604,4481,1,3.52,671275
605,2622,2,3.99,448225
606,2650,5,6.97,525005
607,1829,5,8.84,407399
608,1858,1,7.83,400567
609,2982,2,7.55,564671
610,2517,3,5.36,545003
611,1831,1,7.24,337120
612,4844,1,5.97,806231
613,4761,5,2.95,801824
614,1858,1,2.88,309653
615,3677,1,3.67,601586
616,2628,1,9.2,494960
617,2680,5,5.93,562906
618,637,3,7.61,260798
619,3972,3,4.12,722992
620,3332,1,4.67,543419
621,4079,5,2.13,732239
622,3531,3,2.54,638872
623,4664,3,8.45,875172
624,3093,3,6.26,566715
625,4800,5,4.04,881644
626,4318,5,8.23,839934
627,4638,1,3.22,715920
628,4323,4,9.78,850254
629,4542,3,4.1,786846
630,2406,4,4.04,429058
631,1260,5,3.81,318284
632,3945,5,2.1,713945
633,1399,5,2.0,311675
634,4955,4,6.83,928396
635,3447,5,8.88,743784
636,2219,1,8.11,422475
637,780,5,2.27,224933
638,3766,2,5.91,660062
639,2387,4,1.95,451547
640,3766,2,1.41,601224
641,1166,5,6.91,232736
642,4688,1,5.82,834044
643,1171,3,1.74,253062
644,2469,5,1.31,478100
645,4656,1,9.91,827255
646,3622,4,1.27,633598
647,4400,2,5.0,737090
648,1023,2,5.54,218680
649,2893,2,2.06,439391
650,3617,4,2.52,607118
651,3093,1,4.17,492149
652,2468,4,7.86,548327
653,2253,2,5.56,455288
654,2796,5,6.74,560346
655,2761,3,9.87,492940
656,2786,4,7.91,577273
657,4702,4,4.91,821753
658,3378,1,5.02,563512
659,4643,1,6.57,810828
660,4144,4,6.99,775659
661,4932,2,5.51,805608
662,2555,3,6.8,475057
663,1776,1,1.21,290621
664,3266,2,4.87,551407
665,802,5,3.51,253228
666,1138,1,2.16,243084
667,555,2,1.9,100856
668,1025,2,6.43,260683
669,4623,3,5.71,838001
670,2625,3,3.28,483964
671,3787,5,5.24,742097
672,864,2,5.43,215281
673,2146,2,2.76,394624
674,1418,3,6.87,354623
675,3297,1,8.03,577689
676,2031,1,8.12,465570
677,3845,4,6.42,738277
678,2406,3,5.6,515989
679,3586,4,1.55,665530
680,2575,3,3.59,491968
681,1213,5,1.84,341923
682,1562,2,9.67,376637
683,2476,5,2.22,471706
684,1796,3,2.37,353544
685,625,2,9.01,193664
686,4096,1,9.5,666348
687,3783,1,7.89,640773
688,2103,4,1.05,408136
689,566,3,1.01,186857
690,732,3,4.4,188134
691,2656,1,2.29,471604
692,1669,5,1.17,325729
693,2658,2,5.18,462914
694,4706,5,9.49,944274
695,1993,5,3.91,439478
696,4507,1,6.95,760341
697,2972,1,6.87,541558
698,3160,1,3.26,490407
699,3239,4,6.85,624424
700,2261,5,2.91,468329
701,4014,3,2.1,720041
702,2475,2,7.31,434237
703,2862,4,2.02,582389
704,1376,3,9.97,362360
705,4312,5,2.65,739983
706,3948,1,6.35,636950
707,1812,5,4.7,426994
708,1960,2,2.14,314983
709,3209,4,1.25,557046
710,2824,4,6.6,562102
711,2233,2,8.26,491860
712,2105,3,8.58,492103
713,3063,3,5.34,553560
714,3921,4,8.0,741769
715,4017,4,7.06,705288
716,2897,1,7.52,468577
717,4235,3,5.43,712678
718,3370,2,6.7,646192
719,1660,3,8.25,414902
720,742,1,4.58,188603
721,3090,4,8.25,582271
722,1563,4,6.33,356400
723,4824,1,2.49,742765
724,3095,2,1.22,511470
725,1419,4,4.26,328578
726,505,5,5.92,204891
727,967,4,8.56,321126
728,4670,5,2.15,828868
729,503,1,8.2,155585
730,1145,1,8.77,288578
731,617,4,2.36,229878
732,3428,3,8.66,703641
733,3051,5,9.92,671569
734,4789,2,7.54,847588
735,1346,4,8.06,355295
736,3262,2,9.95,659691
737,1641,4,6.45,358539
738,2310,3,3.77,471615
739,1223,3,8.54,320221
740,724,3,6.53,278628
741,4708,3,6.23,846146
742,2548,1,3.28,432964
743,4915,1,7.81,828255
744,2073,5,1.74,444118
745,2328,2,9.32,496713
746,2417,4,3.93,469899
747,4734,4,2.15,814355
748,2526,1,4.98,475591
749,4244,4,1.38,689499
750,1401,1,7.16,323526
751,2539,5,9.12,587686
752,509,2,8.54,237349
753,760,5,2.15,214030
754,2173,3,2.14,407521
755,2719,3,8.32,557202
756,2560,3,9.32,559363
757,4213,5,5.15,796323
758,2119,4,5.49,415563
759,820,2,3.86,210331
760,1842,3,9.05,486926
761,2876,3,6.8,577752
762,3332,3,3.59,644841
763,3324,2,3.69,606791
764,2494,3,9.02,565172
765,3458,2,1.12,579199
766,2538,3,3.9,495355
767,3990,5,5.99,766065
768,4177,5,2.33,749980
769,1618,2,1.83,323265
770,2104,5,8.34,483369
771,4527,2,9.05,866111
772,735,5,8.41,266509
773,2469,5,9.09,585591
774,4929,2,5.98,880510
775,2408,4,8.31,519001
776,875,5,4.46,242460
777,4030,3,7.0,769165
778,3135,4,9.9,655351
779,2070,2,3.03,405199
780,3060,4,4.51,580816
781,3891,1,5.32,708807
782,3465,1,2.24,498639
783,4143,5,1.73,750035
784,4350,5,8.47,877452
785,1372,3,9.79,366860
786,1752,4,4.64,398270
787,1814,1,1.79,296979
788,3398,5,1.59,626220
789,577,4,9.02,206594
790,3121,5,5.17,598297
791,4727,5,3.88,824247
792,1100,1,5.29,257973
793,1565,1,3.86,276208
794,2636,5,5.4,533125
795,2949,2,8.74,558412
796,2843,5,6.33,567290
797,2363,5,7.25,535020
798,1818,3,4.28,386828
799,4097,3,7.65,775800
800,4262,3,7.0,788882
801,2690,2,2.08,480882
802,1492,2,6.15,315430
803,3212,5,3.31,603106
804,2692,3,8.24,520063
805,1748,2,4.83,323822
806,3554,1,9.95,658427
807,4533,5,1.83,776667
808,2497,4,8.02,578799
809,4187,5,7.06,797524
810,2651,4,7.91,601791
811,4518,3,3.77,792553
812,3610,4,5.43,652482
813,2470,3,8.17,510338
814,697,1,3.09,105246
815,3126,4,3.03,584912
816,1702,5,5.96,394326
817,2535,3,5.71,463946
818,977,5,3.54,327614
819,1754,2,3.68,370817
820,1422,3,3.5,338391
821,919,4,7.94,320713
822,2704,3,6.87,497253
823,3097,5,8.49,637435
824,1620,1,9.78,350614
825,3568,3,5.27,596607
826,1450,4,1.6,296789
827,2836,2,1.43,463317
828,2743,1,3.66,471829
829,3145,2,9.39,681621
830,2357,3,5.71,470023
831,2365,5,3.45,493045
832,3412,5,4.59,650193
833,3353,4,6.39,668981
834,3728,5,6.88,695782
835,4219,1,2.39,733631
836,3728,5,9.79,753375
837,2871,4,5.9,557794
838,3391,3,2.22,619951
839,4256,3,9.04,762072
840,4725,5,1.67,847027
841,594,2,9.17,262955
842,3174,3,9.97,628559
843,2455,5,7.3,602835
844,1293,4,7.93,372578
845,2334,5,4.04,510200
846,2616,3,9.47,588075
847,4606,4,5.77,877522
848,3825,5,7.59,757505
849,3419,1,9.32,649957
850,3097,4,9.78,684240
851,3705,1,8.5,625895
852,1314,2,3.73,222514
853,845,4,9.7,302023
854,2849,1,6.65,461245
855,862,3,9.38,273680
856,2943,3,7.08,581681
857,2765,2,3.77,484180
858,2688,4,4.33,522252
859,3505,4,5.95,635200
860,3781,4,8.11,751894
861,1484,2,3.86,269296
862,2139,4,6.22,399962
863,1327,3,4.11,293929
864,3230,1,8.34,615350
865,4031,3,5.2,719044
866,4951,3,1.69,784606
867,3435,1,2.49,563208
868,4376,3,1.55,745049
869,626,2,5.49,191509
870,3677,1,1.96,583212
871,3556,3,2.03,628281
872,1103,5,9.47,307997
873,3949,3,8.85,714031
874,4646,2,5.07,748443
875,4033,4,9.87,824101
876,3867,3,1.0,671410
877,3868,4,6.53,731053
878,4297,5,6.55,766531
879,2292,3,5.12,477324
880,3361,1,4.57,611446
881,3976,4,5.1,744544
882,3917,5,4.73,733794
883,2145,1,7.57,436401
884,1705,1,2.22,306137
885,3530,1,2.78,605082
886,3372,1,2.62,579110
887,3572,3,3.36,622768
888,2354,3,5.73,450580
889,4521,3,2.0,746155
890,3208,5,8.81,685375
891,4002,5,3.68,726916
892,1832,5,2.46,376884
893,701,2,7.08,215921
894,4007,5,1.34,747673
895,4712,3,6.58,836653
896,1074,3,7.28,285613
897,1036,2,2.93,234312
898,2125,2,1.38,375071
899,2622,5,4.27,477990
900,885,4,1.89,252552
901,3781,2,2.05,639873
902,974,1,3.29,199485
903,917,3,3.66,266020
904,4100,1,5.77,729089
905,1454,3,7.11,373163
906,1705,3,6.33,353540
907,4620,2,2.34,731928
908,2490,2,2.55,472520
909,4072,1,8.91,663583
910,4880,3,6.03,847834
911,4658,1,8.83,820194
912,3213,4,4.34,552837
913,2703,1,6.53,497780
914,3620,5,5.71,728732
915,1466,1,3.87,234032
916,3932,5,5.23,791845
917,1188,5,5.52,303105
918,4743,5,2.81,856792
919,4201,4,3.84,746042
920,841,1,8.12,229435
921,2224,1,9.24,407495
922,4922,4,4.24,898514
923,2292,3,3.76,451176
924,2259,2,2.76,455075
925,3712,1,7.11,610177
926,1489,2,3.91,297012
927,2762,4,9.89,599485
928,2982,3,3.93,548411
929,1451,3,4.55,343153
930,1222,3,6.43,301782
931,3889,4,8.22,809210
932,2579,5,5.23,540345
933,3217,5,4.8,544025
934,2832,2,9.96,566926
935,3876,5,1.09,730143
936,2000,5,9.06,462900
937,785,3,2.34,171547
938,3995,3,8.07,714738
939,2565,2,6.56,458055
940,1268,1,4.08,236617
941,3557,2,8.86,689428
942,4789,2,1.12,815339
943,2661,4,3.04,436822
944,3793,4,6.1,698596
945,1446,2,4.16,307580
946,3835,2,6.49,686230
947,4650,2,1.22,806698
948,1981,5,2.05,357329
949,2401,4,2.14,383878
950,3951,2,2.7,721516
951,4564,3,5.13,818503
952,554,3,7.77,203658
953,2323,5,9.15,545097
954,3962,5,8.52,786796
955,3579,1,2.77,566684
956,1332,1,4.97,273753
957,4908,1,2.79,794744
958,3306,5,3.38,690165
959,2990,5,5.53,632703
960,827,5,1.61,292329
961,3810,3,2.96,620792
962,3800,5,9.42,753784
963,4175,3,5.2,745517
964,3554,1,5.01,545566
965,2643,1,1.13,463205
966,1811,1,3.23,343216
967,3691,2,8.8,670635
968,3038,2,2.48,514999
969,4483,4,4.74,837466
970,664,4,1.13,167036
971,4777,4,5.31,888475
972,1322,2,1.19,242638
973,1443,2,8.38,362929
974,4925,4,8.42,905552
975,1274,4,8.09,418995
976,2698,5,3.55,513578
977,3656,4,8.54,696601
978,4742,5,5.89,825016
979,4195,3,4.36,699947
980,3952,2,6.63,720493
981,1414,4,1.11,351204
982,1808,2,2.29,358894
983,4677,2,7.68,818188
984,1013,2,3.2,197141
985,2420,3,6.38,513752
986,4094,1,4.47,650341
987,1909,4,8.69,412781
988,3690,1,9.57,659945
989,4991,1,8.95,797131
990,2055,1,3.44,321208
991,1304,2,2.75,319679
992,1779,5,5.27,372545
993,4077,2,1.07,626605
994,3401,2,1.23,564604
995,1887,1,5.98,366567
996,3261,2,5.68,578911
997,3179,1,9.95,536248
998,2606,5,2.82,544554
999,4723,4,3.32,808358
1000,3268,1,2.02,567013
1001,4453,5,9.26,841205
1002,3686,4,8.0,742374
1003,3780,3,8.4,749882
1004,3073,1,9.12,558141
1005,3099,1,5.72,568463
1006,4533,3,5.06,750693
1007,736,3,3.97,218010
1008,1804,1,6.3,390266
1009,3930,3,5.09,715954
1010,1801,2,5.06,432936
1011,3041,4,9.43,647680
1012,2551,4,9.86,550291
1013,941,4,8.17,388076
1014,2576,2,7.81,553511
1015,3680,3,7.13,635212
1016,3157,5,2.49,574925
1017,4298,3,1.53,688855
1018,1304,1,7.22,307168
1019,574,4,7.56,258834
1020,2675,3,1.42,492353
1021,4424,5,9.35,808202
1022,2589,1,1.82,407407
1023,540,2,3.57,152221
1024,2581,2,7.05,442992
1025,2122,5,2.53,417445
1026,841,1,1.5,201843
1027,4552,4,3.98,755977
1028,2574,3,7.89,568657
1029,1145,1,4.72,271684
1030,4763,2,6.88,814527
1031,1109,5,6.22,309083
1032,954,5,1.2,280054
1033,3453,3,9.9,653317
1034,2208,5,1.37,422760
1035,3972,5,9.71,792183
1036,3469,1,5.95,535942
1037,3528,4,9.67,662400
1038,3181,3,2.03,547980
1039,4129,1,5.41,707720
1040,4725,4,2.53,790002
1041,3567,1,1.46,563721
1042,1886,1,6.56,320096
1043,4276,5,2.87,798074
1044,3366,4,6.29,654402
1045,3863,3,2.01,668806
1046,4624,3,3.99,808147
1047,648,4,8.03,259843
1048,4350,5,4.93,787286
1049,2558,2,6.65,524089
1050,1636,1,6.83,338406
1051,686,5,8.59,283828
1052,3354,4,3.92,622040
1053,1750,1,7.19,353501
1054,1833,3,9.65,426177
1055,4693,2,7.57,833033
1056,4650,3,5.41,783524
1057,3211,4,6.68,602566
1058,2285,1,7.66,456127
1059,1250,4,6.51,328242
1060,2262,1,1.15,399941
1061,4420,5,2.75,802766
1062,4960,2,8.29,850321
1063,981,5,3.45,298902
1064,653,5,7.58,309665
1065,2024,4,4.35,440509
1066,2620,2,5.7,509967
1067,2843,1,1.61,457396
1068,1740,1,2.63,337091
1069,560,3,9.61,222679
1070,1438,1,9.01,335956
1071,2139,4,6.87,546635
1072,4620,5,5.14,860566
1073,4726,5,7.08,867078
1074,4069,5,6.57,763351
1075,1752,2,6.12,361859
1076,4703,1,1.53,766287
1077,671,4,6.7,252023
1078,1958,2,7.92,393444
1079,4049,3,9.95,747341
1080,4697,4,1.1,800111
1081,2822,4,7.57,580271
1082,2136,4,6.15,475549
1083,3615,5,4.91,718874
1084,4590,4,2.15,871820
1085,3504,1,4.68,548538
1086,829,4,4.19,266855
1087,4140,5,3.73,761249
1088,4394,4,7.58,759562
1089,4607,3,7.31,861635
1090,1841,3,6.3,411785
1091,4163,5,9.45,842944
1092,715,1,4.15,117767
1093,838,1,3.19,170987
1094,4562,2,6.9,760924
1095,3208,5,2.79,673993
1096,3652,4,3.84,700536
1097,2250,5,3.02,447270
1098,2921,2,1.62,448250
1099,1209,5,8.45,371671
1100,4226,5,3.29,799572
1101,4142,2,5.26,661848
1102,4493,1,1.39,679896
1103,988,4,7.29,267932
1104,546,2,3.98,187708
1105,3859,3,7.7,704755
1106,900,1,4.71,192261
1107,4490,3,2.76,766339
1108,3657,1,5.62,598401
1109,4845,4,2.17,785139
1110,890,4,4.96,304190
1111,4353,5,3.86,835424
1112,4930,3,9.21,896987
1113,1128,1,1.55,212264
1114,4732,4,7.25,900130
1115,3430,2,2.64,585599
1116,2021,4,3.87,409277
1117,1326,2,4.74,287480
1118,2000,1,9.17,453495
1119,3794,4,3.18,682499
1120,2919,4,1.82,515968
1121,1434,1,3.87,278210
1122,3542,4,1.94,650386
1123,4997,2,2.16,827237
1124,1966,4,6.16,453084
1125,4061,3,1.55,659849
1126,1114,5,1.28,303003
1127,1682,2,7.43,367453
1128,3723,3,4.25,639596
1129,3167,1,2.13,539214
1130,630,2,3.28,153690
1131,3483,5,6.78,643021
1132,4778,5,3.48,821481
1133,4959,1,5.45,812900
1134,538,1,2.1,139049
1135,4459,2,6.29,745827
1136,4087,4,3.84,724230
1137,1420,1,6.64,262901
1138,3269,4,8.28,682610
1139,4611,3,6.5,868169
1140,992,5,3.66,333678
1141,1631,4,3.3,386599
1142,4021,5,3.95,768525
1143,810,4,2.48,164143
1144,1238,3,2.63,277315
1145,3741,1,8.12,647467
1146,1045,3,4.46,287763
1147,2961,1,4.92,437222
1148,4846,1,6.35,816189
1149,2304,5,6.31,502266
1150,3712,3,1.61,666452
1151,4310,4,8.48,857739
1152,1313,3,2.6,255084
1153,4624,5,7.51,842188
1154,2532,1,7.95,486214
1155,4913,5,7.43,963262
1156,744,2,6.21,215504
1157,771,2,1.13,128575
1158,4011,4,4.24,705873
1159,2271,5,6.44,511129
1160,1762,4,4.49,396406
1161,2924,4,8.77,585177
1162,4861,2,3.78,788176
1163,1420,4,3.64,299952
1164,3930,2,3.39,697635
1165,4935,1,4.0,775206
1166,4984,5,6.02,893856
1167,3124,4,7.36,607402
1168,4260,2,6.96,700421
1169,2550,3,8.27,499297
1170,4000,4,8.97,806544
1171,1665,1,8.34,316871
1172,875,1,1.17,134040
1173,2533,3,7.62,476173
1174,645,2,2.88,162831
1175,4888,4,2.2,891764
1176,931,2,6.75,243169
1177,1204,1,3.88,241402
1178,3132,2,1.51,501036
1179,4994,1,2.24,789651
1180,1463,2,1.01,306421
1181,2734,3,9.13,565687
1182,2541,5,1.22,557303
1183,2328,3,2.89,475884
1184,2608,3,4.75,496110
1185,4568,5,4.21,824126
1186,1438,5,9.21,456727
1187,1306,4,1.36,293619
1188,1963,4,5.61,472817
1189,3915,3,7.12,778537
1190,510,3,9.39,224273
1191,2368,1,6.58,451558
1192,1384,1,8.23,339300
1193,4064,4,1.75,730125
1194,1889,4,4.47,430864
1195,3901,1,4.37,608845
1196,4821,1,8.98,807497
1197,1324,2,2.36,247341
1198,2765,2,2.37,514882
1199,1436,1,3.96,237938
1200,3300,2,1.49,595596
1201,3053,5,2.64,607745
1202,4345,4,9.69,863276
1203,2296,4,4.85,445014
1204,553,1,6.69,172019
1205,1226,3,7.54,328268
1206,3236,1,4.3,556049
1207,3670,2,2.33,622669
1208,2413,3,2.86,442254
1209,2096,2,3.82,396656
1210,2414,5,6.72,560306
1211,2966,2,4.58,495704
1212,3237,5,1.06,642561
1213,1349,5,5.71,388906
1214,2609,2,9.29,495293
1215,502,2,8.31,209915
1216,4755,5,8.43,924594
1217,4569,3,8.16,789891
1218,1392,5,3.91,349159
1219,2530,4,7.89,536044
1220,3660,5,2.29,652532
1221,2876,3,6.92,563370
1222,2433,4,6.77,494641
1223,1880,1,1.23,355529
1224,4181,1,8.09,709250
1225,1790,3,9.13,443559
1226,2140,5,3.41,405438
1227,3182,2,8.31,595545
1228,1487,3,1.74,300819
1229,1718,4,6.4,395871
1230,1855,4,5.37,400060
1231,4765,1,5.91,773824
1232,4635,4,9.34,891286
1233,2060,3,8.84,487383
1234,1918,4,8.07,445935
1235,1454,3,3.46,279800
1236,1483,2,9.21,408368
1237,1474,1,1.88,233506
1238,4633,4,8.68,817967
1239,4472,3,3.95,709921
1240,1413,5,1.48,329733
1241,536,1,7.02,164077
1242,3887,2,3.08,684778
1243,2211,3,3.19,441882
1244,3520,2,3.75,614206
1245,1295,2,1.57,241808
1246,4536,4,2.59,819599
1247,3611,4,1.05,688171
1248,1824,3,5.01,413969
1249,817,5,1.76,226244
1250,2896,3,7.14,589246
1251,2662,5,3.12,518437
1252,3245,2,9.49,588497
1253,2091,1,8.84,395078
1254,3611,3,3.6,626904
1255,4430,3,8.05,808118
1256,2496,5,8.23,618517
1257,1812,2,9.88,384149
1258,1785,2,6.38,411254
1259,4811,5,1.74,829532
1260,2883,2,6.82,480158
1261,3739,4,6.62,691878
1262,2639,1,6.75,518650
1263,2204,3,3.76,438540
1264,862,1,8.74,248833
1265,3104,3,9.64,661855
1266,2216,4,2.96,410909
1267,4951,2,1.79,768997
1268,4786,5,2.75,777488
1269,4238,4,8.38,825812
1270,2969,1,7.09,553124
1271,1056,5,6.72,347318
1272,1325,2,4.62,249459
1273,3308,4,6.2,590072
1274,3219,5,3.77,580961
1275,4008,4,5.29,706422
1276,4241,4,8.14,844168
1277,2074,2,9.83,479403
1278,4498,3,9.39,814853
1279,2629,5,9.4,597327
1280,2903,2,4.62,501299
1281,3829,4,5.22,717478
1282,1088,2,7.35,242557
1283,2512,3,9.3,552307
1284,2047,5,2.28,404358
1285,794,3,3.74,240677
1286,2485,1,2.25,402427
1287,3617,5,6.51,683947
1288,2190,3,3.76,474489
1289,1636,4,3.93,370008
1290,2564,5,1.64,491334
1291,4955,5,4.15,907495
1292,1507,2,8.76,313450
1293,3014,4,3.1,596305
1294,4026,1,7.26,692316
1295,1747,3,6.67,406773
1296,4402,2,8.77,741563
1297,1935,3,2.19,360677
1298,1071,1,9.8,278787
1299,2882,1,6.24,545608
1300,1745,5,9.96,481762
1301,2584,1,9.2,487825
1302,777,3,2.99,215988
1303,2387,4,1.51,490847
1304,1765,4,3.3,371750
1305,1540,5,5.75,379234
1306,1417,3,2.54,241258
1307,1385,3,2.51,284477
1308,3252,1,5.16,507211
1309,521,3,1.3,147719
1310,3691,2,2.1,644294
1311,2853,1,4.74,431760
1312,1186,2,1.57,270626
1313,784,5,4.57,253393
1314,4247,4,5.27,768935
1315,1262,5,5.06,324827
1316,2928,4,8.82,556002
1317,3007,5,5.77,585260
1318,528,3,5.21,254222
1319,1406,2,4.7,265018
1320,3604,4,8.36,656543
1321,4499,1,9.06,789688
1322,3494,2,8.68,648326
1323,3006,1,7.06,531800
1324,4109,2,2.24,679183
1325,4053,2,3.49,702176
1326,1953,5,1.41,389435
1327,3856,4,9.38,758032
1328,1015,4,6.95,332466
1329,538,2,7.72,168041
1330,3842,3,3.8,604634
1331,1386,3,8.61,374124
1332,3344,1,3.34,630088
1333,2704,1,1.01,435479
1334,1598,5,4.39,389657
1335,2323,2,6.14,440975
1336,3701,1,5.31,675891
1337,3655,1,8.76,653517
1338,3593,2,1.95,592853
1339,4030,5,5.98,791625
1340,4278,1,5.62,703371
1341,3396,5,3.53,606159
1342,3953,4,8.4,783419
1343,4011,5,7.78,761703
1344,1488,3,7.6,329936
1345,4616,3,8.89,904301
1346,4526,5,7.51,848642
1347,4679,3,3.09,807576
1348,2182,4,7.35,481685
1349,4463,2,3.77,720560
1350,1433,3,3.18,327433
1351,4098,3,1.66,700737
1352,3733,5,7.7,717168
1353,2480,4,7.4,538995
1354,2355,2,3.11,408920
1355,3556,5,7.74,677665
1356,1292,5,9.26,350229
1357,1291,4,1.97,301451
1358,2309,2,3.09,405768
1359,2755,4,7.75,615801
1360,4110,2,3.47,689911
1361,2107,4,6.62,438693
1362,1484,5,1.73,344634
1363,4176,5,5.07,738271
1364,3880,1,7.65,675976
1365,1019,3,7.18,294225
1366,1090,4,8.34,332770
1367,1550,1,8.9,380583
1368,4133,3,7.96,837475
1369,4944,4,7.04,912141
1370,1459,2,1.29,307113
1371,1192,3,5.81,373203
1372,4399,5,1.34,743063
1373,4973,1,8.27,852568
1374,3446,3,3.89,601460
1375,1026,3,6.06,299779
1376,3724,5,3.52,701948
1377,2753,4,8.04,548797
1378,3844,2,8.98,706728
1379,4465,5,4.59,847057
1380,2375,2,8.77,444838
1381,2263,4,3.4,429529
1382,1020,3,5.81,242681
1383,1516,2,8.73,364491
1384,616,1,3.93,188915
1385,2933,1,9.59,495557
1386,1083,5,2.1,286281
1387,894,4,1.16,197973
1388,4288,5,9.14,864762
1389,3268,5,1.62,599290
1390,4667,5,9.93,903270
1391,4360,1,9.56,769559
1392,773,1,2.23,191976
1393,2513,5,5.84,596808
1394,4933,1,2.66,752510
1395,1889,4,4.85,383273
1396,4066,5,1.55,735044
1397,665,1,3.02,125457
1398,2067,2,4.27,420757
1399,1228,5,4.95,366523
1400,2543,5,9.8,563052
1401,4697,4,8.27,844343
1402,3996,3,7.64,727556
1403,1278,3,5.83,313120
1404,713,4,8.56,281995
1405,4262,4,4.05,692215
1406,2076,4,7.38,436176
1407,2948,3,9.94,589477
1408,3436,4,3.83,609790
1409,3617,1,7.07,547308
1410,1091,5,8.6,292998
1411,3220,5,9.24,636239
1412,1213,2,7.46,293091
1413,1435,2,3.55,277663
1414,4837,5,3.94,846002
1415,501,1,1.19,130945
1416,3348,3,7.85,664584
1417,4544,3,1.38,759897
1418,2449,1,8.78,478753
1419,1417,3,2.07,267550
1420,3674,4,2.55,634490
1421,2741,5,5.29,512820
1422,589,5,7.64,257227
1423,2209,1,2.25,397422
1424,2669,3,4.96,550579
1425,4738,2,5.35,796856
1426,3541,2,2.91,615000
1427,605,3,2.04,85470
1428,1386,2,8.53,320212
1429,927,1,5.52,200559
1430,2395,1,1.13,435285
1431,816,3,8.23,276488
1432,1134,2,9.83,323227
1433,2425,1,6.45,461519
1434,2556,1,5.53,460063
1435,3644,4,8.91,761670
1436,2770,4,9.57,522041
1437,1939,1,7.79,393136
1438,1052,3,5.01,301794
1439,1215,5,6.33,288808
1440,4411,5,7.31,859887
1441,2213,1,2.75,356615
1442,3889,1,5.02,656844
1443,1607,1,8.47,322339
1444,4706,3,6.89,863574
1445,750,4,4.7,230849
1446,2930,1,6.97,554573
1447,2554,1,2.06,436759
1448,958,2,4.61,205986
1449,707,3,8.14,262505
1450,1399,1,2.98,239742
1451,3961,2,2.67,662773
1452,3885,5,9.56,769152
1453,521,1,2.89,154047
1454,909,1,3.35,206059
1455,1394,2,9.73,345478
1456,1014,3,7.61,267628
1457,4609,1,7.3,746280
1458,2634,5,8.68,585969
1459,4095,1,2.04,635681
1460,3456,5,7.35,635560
1461,2060,4,5.53,404399
1462,1766,4,8.46,478276
1463,2669,5,5.57,536250
1464,4138,3,6.58,778964
1465,1249,1,5.3,249650
1466,3927,1,5.3,699237
1467,2427,4,7.91,558164
1468,4304,5,6.66,787429
1469,4202,1,6.7,657660
1470,2856,1,5.05,441800
1471,2835,3,5.78,518790
1472,806,2,7.71,294689
1473,4165,4,8.43,776733
1474,2489,4,7.27,530407
1475,1161,2,9.32,346450
1476,811,1,8.38,228759
1477,3420,3,6.06,635876
1478,1582,3,7.04,386379
1479,3471,4,9.34,702719
1480,1254,3,6.57,310815
1481,4630,2,8.42,797056
1482,852,1,7.2,222154
1483,1402,2,5.97,342831
1484,4388,5,3.18,843460
1485,658,4,4.83,235768
1486,2477,3,9.71,551304
1487,1456,5,6.92,395691
1488,2571,3,6.08,503830
1489,903,1,9.4,264877
1490,3279,1,6.28,610329
1491,1887,1,5.73,333759
1492,3953,3,7.83,687708
1493,1455,5,7.41,376359
1494,2212,1,2.74,385549
1495,1773,5,5.24,444446
1496,4311,3,5.25,729464
1497,3125,5,4.4,538092
1498,2882,3,5.66,533616
1499,1941,3,4.72,392532
1500,3479,4,2.79,594881
1501,2297,3,4.71,428967
1502,4890,3,1.65,836018
1503,4509,2,6.18,780493
1504,1894,1,8.68,401268
1505,4781,4,7.53,861779
1506,1769,4,4.24,365126
1507,4214,4,1.78,719013
1508,1029,2,2.82,237516
1509,4123,3,5.91,692810
1510,3458,1,2.86,616805
1511,3414,5,5.9,688345
1512,4091,3,3.08,688373
1513,2647,2,8.64,547852
1514,3869,3,4.58,722820
1515,1439,3,3.21,298039
1516,1025,2,8.31,270352
1517,501,4,4.09,240854
1518,874,4,2.0,294669
1519,2840,1,6.13,508183
1520,4505,1,6.23,723303
1521,3552,4,7.43,672981
1522,2865,5,3.16,592340
1523,2025,3,4.99,382743
1524,4976,5,3.54,875551
1525,2146,3,1.73,407977
1526,513,4,8.89,218168
1527,2778,1,7.56,545193
1528,3655,1,3.71,626169
1529,629,5,6.39,318536
1530,4314,1,2.81,718643
1531,3716,4,9.01,698673
1532,3438,5,2.03,651911
1533,4428,3,1.03,764140
1534,2540,1,5.52,487384
1535,527,2,6.25,158244
1536,2613,1,6.21,447159
1537,1752,3,1.49,303510
1538,4856,5,3.83,914841
1539,2546,3,5.49,515486
1540,4523,2,2.95,723313
1541,4896,4,8.85,906715
1542,3874,1,1.78,615189
1543,3966,5,5.39,719622
1544,3581,4,7.22,690435
1545,4278,3,3.36,741020
1546,1129,5,6.62,393487
1547,769,4,8.46,260279
1548,3139,5,2.71,546668
1549,2493,2,9.25,474981
1550,3391,2,5.98,581670
1551,3932,1,3.69,633892
1552,1780,1,4.88,304404
1553,2860,2,3.81,531763
1554,1075,5,7.53,303069
1555,1807,2,8.17,393350
1556,3692,1,8.5,718805
1557,3678,2,9.87,707007
1558,3234,2,8.12,619822
1559,2712,5,6.41,626619
1560,2852,4,4.05,585669
1561,4068,1,5.9,706153
1562,2155,5,1.37,427628
1563,2079,2,7.7,428169
1564,2703,2,5.01,493410
1565,1890,4,1.18,363257
1566,2242,1,1.56,378261
1567,2425,1,4.49,439172
1568,1119,3,6.25,253011
1569,1774,1,5.18,386861
1570,1456,4,6.57,376393
1571,2439,3,5.32,471166
1572,4453,3,6.96,804185
1573,2881,2,2.97,529761
1574,1468,2,2.02,236399
1575,1816,1,6.37,352948
1576,1543,3,5.36,309474
1577,781,2,1.24,249260
1578,3344,4,4.42,629945
1579,1558,2,1.96,257967
1580,4793,2,5.78,924734
1581,3032,3,4.56,544319
1582,4328,3,6.52,768127
1583,1508,5,8.25,404596
1584,1729,4,3.7,350911
1585,1535,3,9.66,394270
1586,775,1,5.82,128127
1587,3240,4,6.56,664176
1588,2789,4,7.13,535815
1589,1739,3,7.0,378390
1590,625,4,5.6,252295
1591,4565,3,4.86,787216
1592,4812,2,1.48,771693
1593,4368,5,1.2,736837
1594,1708,2,4.22,401269
1595,3749,3,4.0,678294
1596,1418,3,4.49,285116
1597,4423,2,2.25,731295
1598,4903,1,7.64,797245
1599,2469,1,8.71,529122
1600,3293,1,9.45,614439
1601,1391,3,5.43,293683
1602,4970,4,7.31,919527
1603,2533,3,8.7,518607
1604,1864,4,4.76,368553
1605,628,2,3.78,183431
1606,1514,5,9.43,431985
1607,2299,4,5.64,515382
1608,2018,1,5.48,379435
1609,4681,3,2.61,791461
1610,1698,2,1.97,319203
1611,4373,1,8.58,809608
1612,2974,2,6.53,542097
1613,3985,5,3.93,751133
1614,4549,3,2.73,788152
1615,4219,3,6.0,763343
1616,802,5,6.26,272462
1617,4452,3,2.86,760018
1618,1486,4,8.66,386690
1619,2363,2,1.76,470826
1620,4940,1,4.2,789267
1621,3572,5,7.12,679622
1622,3624,4,3.47,658113
1623,1827,1,8.45,376249
1624,2908,1,7.66,538705
1625,4173,5,8.1,793226
1626,3791,4,2.07,672661
1627,4533,1,2.26,726438
1628,1203,1,3.58,263429
1629,1074,4,5.66,300490
1630,3732,3,7.73,700174
1631,3132,1,8.53,590590
1632,4328,2,7.34,788629
1633,3730,4,9.36,703589
1634,988,1,7.65,207130
1635,1847,5,3.76,465514
1636,4181,2,3.39,722172
1637,3673,1,7.27,637068
1638,2167,2,2.74,393041
1639,2137,2,1.83,367073
1640,4614,3,5.79,816338
1641,4053,2,8.39,702694
1642,1500,3,1.91,329305
1643,1350,4,8.13,369063
1644,1888,3,8.3,432548
1645,4212,5,5.34,758381
1646,1867,1,1.52,330978
1647,1321,4,2.57,277720
1648,954,4,7.37,276035
1649,2124,5,7.41,495328
1650,3272,3,9.09,716919
1651,4226,1,6.24,721443
1652,3647,3,2.12,551185
1653,4589,2,2.09,729974
1654,2690,3,7.49,558911
1655,1416,4,2.65,285046
1656,4486,1,3.96,757433
1657,3375,3,5.38,624814
1658,1940,1,1.22,352939
1659,4900,1,3.24,770634
1660,1235,2,4.67,252846
1661,4068,2,3.52,702349
1662,3838,4,2.23,677774
1663,3515,5,7.55,700709
1664,3389,1,8.32,658619
1665,1461,5,3.32,370474
1666,3489,4,7.97,623352
1667,4348,1,4.47,740872
1668,1526,1,5.56,325469
1669,4365,5,8.7,877297
1670,3363,3,7.75,613759
1671,3001,2,8.25,582394
1672,2447,3,2.23,452698
1673,1677,5,1.63,339121
1674,511,2,9.04,235452
1675,4899,3,4.49,832503
1676,3864,2,3.59,690081
1677,3522,1,7.52,601214
1678,3871,3,8.53,682132
1679,3330,2,8.76,619823
1680,542,2,3.84,166657
1681,1443,2,8.67,327124
1682,2890,3,1.37,415266
1683,3045,4,1.45,562759
1684,2911,3,6.61,574119
1685,1504,5,1.57,361915
1686,520,3,3.92,165785
1687,906,2,7.05,233348
1688,1514,1,4.04,330709
1689,4931,3,2.62,778587
1690,2338,3,3.53,438586
1691,3688,2,5.12,648669
1692,1214,1,5.28,273080
1693,4646,1,8.05,802493
1694,4354,5,7.75,802940
1695,4919,3,5.11,883978
1696,640,1,8.61,202157
1697,1463,1,2.03,209709
1698,872,4,3.3,250075
1699,4135,4,8.45,799008
1700,3041,1,4.4,578972
1701,4110,5,9.83,827062
1702,2192,1,5.2,356339
1703,605,2,8.13,168642
1704,2181,3,4.62,471111
1705,4597,5,4.82,813665
1706,4516,2,4.45,715412
1707,3136,5,7.47,675115
1708,2637,2,5.93,480577
1709,3916,3,9.49,770710
1710,4945,3,3.26,806908
1711,4030,4,1.91,747814
1712,1786,2,4.54,379461
1713,3679,4,6.55,675669
1714,4154,2,8.75,700788
1715,2859,4,4.12,619204
1716,944,3,6.88,264093
1717,535,5,4.15,198868
1718,1975,4,6.55,483339
1719,4457,2,8.96,826522
1720,2298,2,3.08,450983
1721,2345,3,4.64,455194
1722,1908,2,9.94,482031
1723,2208,1,8.82,400081
1724,3438,5,6.08,659938
1725,1800,4,5.65,418196
1726,1743,5,3.56,432093
1727,4476,3,5.65,807734
1728,3597,4,8.63,703364
1729,509,4,7.17,213795
1730,2925,1,3.61,530055
1731,2160,3,2.81,435031
1732,3131,2,3.39,517314
1733,1572,1,2.53,253971
1734,3725,1,1.86,580985
1735,1816,5,4.77,399887
1736,4645,5,2.02,847845
1737,4183,5,2.55,766021
1738,3773,1,5.93,661983
1739,645,2,2.48,167300
1740,3540,4,1.57,633863
1741,1962,5,3.86,385445
1742,2084,2,2.98,406225
1743,982,3,5.64,246795
1744,3679,5,1.92,670055
1745,1749,4,7.77,405854
1746,1130,3,9.16,325476
1747,1161,3,7.69,328242
1748,4003,4,5.8,708184
1749,3352,5,8.75,697882
1750,2966,1,7.25,523929
1751,1487,4,1.09,353593
1752,2046,4,4.55,398961
1753,1149,4,8.66,308874
1754,1468,3,4.11,310512
1755,3137,2,1.32,495980
1756,1600,1,7.72,330468
1757,940,5,8.22,307363
1758,1269,5,2.45,317502
1759,1843,2,5.84,405092
1760,4858,4,2.73,838138
1761,4229,1,7.47,733920
1762,4406,5,3.44,763580
1763,2077,5,3.85,446028
1764,4508,4,8.6,829547
1765,3851,2,5.29,690999
1766,2849,1,7.03,494712
1767,4102,2,4.62,675680
1768,1741,2,3.68,347472
1769,1625,1,6.63,389453
1770,3101,1,2.39,503771
1771,1690,5,4.36,402146
1772,4631,5,2.88,851890
1773,4948,1,7.26,850097
1774,572,3,9.5,256294
1775,2414,5,9.96,558844
1776,2972,3,5.05,554027
1777,3546,1,3.27,561945
1778,1207,5,4.99,345541
1779,2304,2,8.63,485806
1780,4213,1,2.85,701964
1781,3064,4,9.57,620656
1782,2975,3,4.08,571954
1783,4110,1,9.87,769200
1784,4755,1,8.55,782331
1785,3323,5,8.28,672343
1786,2235,5,3.86,509100
1787,2085,5,1.08,404063
1788,566,4,4.44,225162
1789,3561,5,3.72,671607
1790,2928,1,1.34,482526
1791,4653,5,5.55,854621
1792,841,2,4.63,234835
1793,3274,5,6.71,627554
1794,3317,4,6.59,616050
1795,3161,2,2.09,578985
1796,1732,1,9.79,440710
1797,4374,1,2.68,702737
1798,2901,3,5.01,596707
1799,1994,2,5.39,369846
1800,4711,3,8.32,833902
1801,1161,2,1.89,276774
1802,4383,2,4.86,770173
1803,4119,4,6.66,812642
1804,2368,3,2.94,458656
1805,2834,4,6.65,541223
1806,3874,2,9.31,720907
1807,1516,1,9.98,383260
1808,4906,2,1.29,784817
1809,707,4,3.12,208656
1810,3165,3,3.79,587165
1811,2993,3,4.59,538064
1812,1132,4,3.18,290465
1813,2602,3,2.83,480505
1814,3459,5,9.59,700037
1815,3583,1,9.27,679572
1816,2431,1,1.42,418229
1817,4219,1,4.05,682739
1818,3062,3,4.65,565351
1819,2179,3,3.15,410211
1820,736,2,6.66,197840
1821,4943,2,6.76,798101
1822,2040,1,8.65,397985
1823,4443,5,7.67,824429
1824,863,2,5.88,231696
1825,2868,2,6.88,552220
1826,785,3,3.47,188384
1827,648,5,6.34,271804
1828,4537,1,5.4,725862
1829,2266,2,2.2,398141
1830,1512,5,3.18,340527
1831,3331,5,3.63,658335
1832,3007,1,9.32,567753
1833,2023,5,3.07,430844
1834,3285,5,3.6,609992
1835,3056,5,4.32,591734
1836,4225,2,6.97,798321
1837,2101,1,2.06,340717
1838,2908,5,9.59,646482
1839,840,5,8.79,310520
1840,3317,2,6.19,612974
1841,2996,1,7.07,565209
1842,2225,3,1.15,394630
1843,2189,2,4.05,430143
1844,3767,1,8.16,749349
1845,4906,5,1.7,869926
1846,761,1,3.54,217957
1847,1942,1,6.27,388431
1848,905,1,3.31,160891
1849,2690,3,9.41,565870
1850,4937,1,2.18,772438
1851,743,3,8.18,235371
1852,4607,5,5.57,844572
1853,1060,3,7.75,291857
1854,4637,5,3.8,801752
1855,3225,5,5.63,721303
1856,1093,3,8.71,335286
1857,2326,2,5.2,448231
1858,3729,4,4.24,684446
1859,3787,1,5.83,682420
1860,4573,4,7.46,902817
1861,633,1,4.99,185402
1862,3638,1,9.45,663835
1863,4419,5,3.65,843529
1864,572,1,5.28,162870
1865,4994,1,7.81,860259
1866,4725,3,7.2,870780
1867,3478,4,8.77,677805
1868,4861,3,9.97,826574
1869,2485,1,4.84,428097
1870,1292,5,2.0,336990
1871,4759,3,1.27,807626
1872,594,3,7.54,264780
1873,1633,2,8.87,361745
1874,737,1,2.99,207877
1875,3446,5,2.43,646752
1876,3030,3,1.56,548232
1877,2460,3,8.4,540108
1878,1548,5,3.8,328750
1879,3029,1,4.62,490403
1880,3464,2,5.52,583657
1881,1463,3,8.56,397216
1882,1036,2,6.86,254836
1883,4723,4,6.54,914677
1884,4179,1,2.58,672751
1885,4687,4,5.62,795108
1886,4224,4,7.44,767827
1887,1042,4,9.76,337421
1888,1345,1,2.81,265305
1889,4103,1,1.09,616804
1890,3536,5,1.68,664254
1891,2994,2,4.38,557966
1892,4985,2,8.38,852321
1893,3219,5,1.06,652524
1894,2384,5,5.11,492720
1895,4638,4,3.96,785303
1896,4849,5,1.47,796173
1897,3701,3,5.05,702269
1898,3210,2,3.29,555086
1899,2453,5,4.17,495271
1900,4350,3,7.35,741775
1901,1189,3,5.69,283572
1902,2450,3,2.12,520143
1903,956,3,9.65,235565
1904,2630,4,6.72,522750
1905,4476,3,7.89,864083
1906,4744,4,1.71,846169
1907,1679,4,1.42,328931
1908,4785,3,1.18,795657
1909,4065,2,2.7,690638
1910,1382,3,4.73,318615
1911,899,3,9.42,342583
1912,1108,3,5.11,287492
1913,2138,2,3.61,430865
1914,2648,1,6.06,483247
1915,1882,1,2.01,261428
1916,1903,4,6.49,394577
1917,1319,4,6.12,309503
1918,3792,2,8.13,682621
1919,1319,5,9.88,459002
1920,919,1,3.26,201322
1921,4719,4,5.59,840576
1922,3802,1,9.18,719256
1923,2008,2,8.07,378343
1924,1267,2,5.39,269259
1925,2544,5,9.51,557580
1926,2639,5,1.52,522991
1927,3529,2,9.38,690025
1928,2049,4,1.45,415994
1929,2264,1,5.93,433519
1930,3145,3,9.01,611016
1931,4216,5,3.36,775622
1932,4981,3,5.25,834454
1933,2793,4,3.92,558374
1934,3208,5,9.57,661881
1935,1400,3,8.41,320454
1936,3584,4,7.38,692534
1937,2509,1,6.29,401856
1938,741,4,8.39,319281
1939,2885,5,4.53,601962
1940,4768,2,5.03,815609
1941,1171,1,7.57,222639
1942,663,3,4.22,180644
1943,964,5,1.58,261616
1944,3542,2,1.67,580106
1945,2942,4,2.04,491043
1946,2855,2,8.83,517057
1947,4778,5,5.25,860707
1948,3057,5,7.42,594251
1949,1045,2,4.54,283291
1950,4335,4,3.33,778386
1951,1093,2,4.12,221046
1952,4304,5,8.15,862174
1953,1959,5,6.63,489181
1954,3993,3,9.44,762018
1955,3101,3,7.12,595162
1956,2944,1,6.13,513945
1957,3172,5,6.49,624501
1958,4700,3,9.48,819696
1959,516,2,8.09,244149
1960,3691,4,1.22,630234
1961,892,2,5.81,232746
1962,924,4,7.2,263292
1963,1071,3,7.74,290266
1964,4131,1,2.92,754373
1965,1620,2,8.8,349220
1966,741,2,9.6,290607
1967,4397,2,3.13,730015
1968,4595,4,8.94,879048
1969,2779,3,1.87,532887
1970,1288,2,1.5,256368
1971,1214,2,2.16,233148
1972,3349,1,1.52,531967
1973,1275,1,8.61,292777
1974,4526,3,1.53,810131
1975,2747,3,3.44,461926
1976,578,5,1.93,152878
1977,4426,1,3.66,669378
1978,1355,5,1.82,294632
1979,2648,4,7.01,568302
1980,1531,5,2.2,374492
1981,3771,2,8.67,674124
1982,4076,5,8.35,794045
1983,4682,3,1.12,740011
1984,3956,4,9.06,733293
1985,4006,2,1.26,670896
1986,907,5,3.16,299080
1987,3211,4,1.29,560245
1988,3588,4,4.02,707450
1989,2168,2,5.62,450368
1990,647,5,8.17,326501
1991,4827,4,4.04,835421
1992,4397,4,7.35,858670
1993,2450,1,2.69,479786
1994,865,4,7.76,274974
1995,2174,1,3.12,372674
1996,4994,5,2.29,843568
1997,3046,5,2.67,549273
1998,1062,5,2.64,251723
1999,4062,3,5.62,701156
2000,2989,5,8.6,642592
