<?xml version="1.0" encoding="UTF-8"?>
<config xmlns="http://www.knime.org/2008/09/XMLConfig" xmlns:xsi="http://www.w3.org/2001/XMLSchema-instance" xsi:schemaLocation="http://www.knime.org/2008/09/XMLConfig http://www.knime.org/XMLConfig_2008_09.xsd" key="model.xml">
    <entry key="version" type="xint" value="1"/>
    <entry key="class_name" type="xstring" value="org.knime.base.data.normalize.NormalizerPortObject"/>
    <config key="model">
        <config key="columns">
            <config key="house_id">
                <entry key="column_name" type="xstring" value="house_id"/>
                <entry key="column_scale" type="xdouble" value="5.002501250625312E-4"/>
                <entry key="column_translate" type="xdouble" value="-5.002501250625312E-4"/>
                <entry key="column_min" type="xdouble" value="0.0"/>
                <entry key="column_max" type="xdouble" value="1.0"/>
            </config>
            <config key="size_sqft">
                <entry key="column_name" type="xstring" value="size_sqft"/>
                <entry key="column_scale" type="xdouble" value="2.2232103156958648E-4"/>
                <entry key="column_translate" type="xdouble" value="-0.11138283681636282"/>
                <entry key="column_min" type="xdouble" value="0.0"/>
                <entry key="column_max" type="xdouble" value="1.0"/>
            </config>
            <config key="bedrooms">
                <entry key="column_name" type="xstring" value="bedrooms"/>
                <entry key="column_scale" type="xdouble" value="0.25"/>
                <entry key="column_translate" type="xdouble" value="-0.25"/>
                <entry key="column_min" type="xdouble" value="0.0"/>
                <entry key="column_max" type="xdouble" value="1.0"/>
            </config>
            <config key="location_score">
                <entry key="column_name" type="xstring" value="location_score"/>
                <entry key="column_scale" type="xdouble" value="0.11135857461024498"/>
                <entry key="column_translate" type="xdouble" value="-0.11135857461024498"/>
                <entry key="column_min" type="xdouble" value="0.0"/>
                <entry key="column_max" type="xdouble" value="1.0"/>
            </config>
            <config key="price">
                <entry key="column_name" type="xstring" value="price"/>
                <entry key="column_scale" type="xdouble" value="1.1234680109335907E-6"/>
                <entry key="column_translate" type="xdouble" value="-0.096022810894494"/>
                <entry key="column_min" type="xdouble" value="0.0"/>
                <entry key="column_max" type="xdouble" value="1.0"/>
            </config>
        </config>
        <entry key="summary" type="xstring" value="Min/Max (0.0, 1) normalization on 5 column(s)"/>
    </config>
</config>
